DEBUG pak entry: [data/mainSprites] len=16 vs searching [data/vera.ttf] len=13
DEBUG found match: location=305154 cSize=379441 fSize=757076
DEBUG fread result=379441 expected=379441 ferror=0
DEBUG pak entry: [data/mainSprites] len=16 vs searching [sound/Lock And Load!!!] len=22
DEBUG found match: location=5626982 cSize=40873 fSize=48008
DEBUG fread result=40873 expected=40873 ferror=0
DEBUG pak entry: [data/mainSprites] len=16 vs searching [sound/menu] len=10
DEBUG found match: location=5673479 cSize=1639 fSize=3056
DEBUG fread result=1639 expected=1639 ferror=0
DEBUG pak entry: [data/mainSprites] len=16 vs searching [sound/select] len=12
DEBUG found match: location=5787655 cSize=17546 fSize=27606
DEBUG fread result=17546 expected=17546 ferror=0
DEBUG loadImage: filename=[gfx/main/medal_bronze_1.png]
DEBUG pak entry: [data/mainSprites] len=16 vs searching [gfx/main/medal_bronze_1.png] len=27
DEBUG found match: location=4166376 cSize=682 fSize=671
DEBUG fread result=682 expected=682 ferror=0
DEBUG loadImage: filename=[gfx/main/award_star_silver_3.png]
DEBUG pak entry: [data/mainSprites] len=16 vs searching [gfx/main/award_star_silver_3.png] len=32
DEBUG found match: location=3866760 cSize=677 fSize=666
DEBUG fread result=677 expected=677 ferror=0
DEBUG loadImage: filename=[gfx/main/shield.png]
DEBUG pak entry: [data/mainSprites] len=16 vs searching [gfx/main/shield.png] len=19
DEBUG found match: location=4297809 cSize=681 fSize=670
DEBUG fread result=681 expected=681 ferror=0
DEBUG loadImage: filename=[gfx/main/ruby.png]
DEBUG pak entry: [data/mainSprites] len=16 vs searching [gfx/main/ruby.png] len=17
DEBUG found match: location=4230517 cSize=533 fSize=522
DEBUG fread result=533 expected=533 ferror=0
DEBUG loadImage: filename=[gfx/main/cc-by.png]
DEBUG pak entry: [data/mainSprites] len=16 vs searching [gfx/main/cc-by.png] len=18
DEBUG found match: location=3971631 cSize=1374 fSize=1363
DEBUG fread result=1374 expected=1374 ferror=0
DEBUG loadImage: filename=[gfx/main/cc-by-sa.png]
DEBUG pak entry: [data/mainSprites] len=16 vs searching [gfx/main/cc-by-sa.png] len=21
DEBUG found match: location=3970024 cSize=1607 fSize=1596
DEBUG fread result=1607 expected=1607 ferror=0
DEBUG loadImage: filename=[gfx/main/alienDevice.png]
DEBUG pak entry: [data/mainSprites] len=16 vs searching [gfx/main/alienDevice.png] len=24
DEBUG found match: location=3737505 cSize=218 fSize=213
DEBUG fread result=218 expected=218 ferror=0
DEBUG found match: location=208255 cSize=516 fSize=861
DEBUG fread result=516 expected=516 ferror=0
DEBUG getString: fontSize=0 in=[  Contacting Medal Server - www.parallelrealities.co.uk:80  ]
DEBUG loadImage: filename=[gfx/main/cheats.png]
DEBUG pak entry: [data/mainSprites] len=16 vs searching [gfx/main/cheats.png] len=19
DEBUG found match: location=3973005 cSize=2245 fSize=2234
DEBUG fread result=2245 expected=2245 ferror=0
DEBUG loadImage: filename=[gfx/main/options.png]
DEBUG pak entry: [data/mainSprites] len=16 vs searching [gfx/main/options.png] len=20
DEBUG found match: location=4167058 cSize=2525 fSize=2514
DEBUG fread result=2525 expected=2525 ferror=0
DEBUG loadImage: filename=[gfx/main/joystickConfig.png]
DEBUG pak entry: [data/mainSprites] len=16 vs searching [gfx/main/joystickConfig.png] len=27
DEBUG found match: location=4019063 cSize=4503 fSize=4492
DEBUG fread result=4503 expected=4503 ferror=0
DEBUG getString: fontSize=0 in=[  No Medal Key found - Online functions disabled  ]
DEBUG loadImage: filename=[gfx/main/keyConfig.png]
DEBUG pak entry: [data/mainSprites] len=16 vs searching [gfx/main/keyConfig.png] len=22
DEBUG found match: location=4023566 cSize=2508 fSize=2497
DEBUG fread result=2508 expected=2508 ferror=0
DEBUG loadImage: filename=[gfx/main/optionsBackground.png]
DEBUG pak entry: [data/mainSprites] len=16 vs searching [gfx/main/optionsBackground.png] len=30
DEBUG found match: location=4169583 cSize=52977 fSize=53667
DEBUG fread result=52977 expected=52977 ferror=0
DEBUG found match: location=128492 cSize=878 fSize=2801
DEBUG fread result=878 expected=878 ferror=0
DEBUG pak entry: [data/mainSprites] len=16 vs searching [data/mainSprites] len=16
DEBUG found match: location=208771 cSize=1781 fSize=16453
DEBUG fread result=1781 expected=1781 ferror=0
DEBUG pak entry: [data/mainSprites] len=16 vs searching [gfx/sprites/bobRight1.png] len=25
DEBUG found match: location=4590334 cSize=373 fSize=362
DEBUG fread result=373 expected=373 ferror=0
DEBUG pak entry: [data/mainSprites] len=16 vs searching [gfx/sprites/bobRight2.png] len=25
DEBUG found match: location=4590707 cSize=380 fSize=369
DEBUG fread result=380 expected=380 ferror=0
DEBUG pak entry: [data/mainSprites] len=16 vs searching [gfx/sprites/bobRight3.png] len=25
DEBUG found match: location=4591087 cSize=379 fSize=368
DEBUG fread result=379 expected=379 ferror=0
DEBUG pak entry: [data/mainSprites] len=16 vs searching [gfx/sprites/bobRight2.png] len=25
DEBUG found match: location=4590707 cSize=380 fSize=369
DEBUG fread result=380 expected=380 ferror=0
DEBUG pak entry: [data/mainSprites] len=16 vs searching [gfx/sprites/bobLeft1.png] len=24
DEBUG found match: location=4589190 cSize=388 fSize=377
DEBUG fread result=388 expected=388 ferror=0
DEBUG pak entry: [data/mainSprites] len=16 vs searching [gfx/sprites/bobLeft2.png] len=24
DEBUG found match: location=4589578 cSize=379 fSize=368
DEBUG fread result=379 expected=379 ferror=0
DEBUG pak entry: [data/mainSprites] len=16 vs searching [gfx/sprites/bobLeft3.png] len=24
DEBUG found match: location=4589957 cSize=377 fSize=366
DEBUG fread result=377 expected=377 ferror=0
DEBUG pak entry: [data/mainSprites] len=16 vs searching [gfx/sprites/bobLeft2.png] len=24
DEBUG found match: location=4589578 cSize=379 fSize=368
DEBUG fread result=379 expected=379 ferror=0
DEBUG pak entry: [data/mainSprites] len=16 vs searching [gfx/sprites/bobRight1.png] len=25
DEBUG found match: location=4590334 cSize=373 fSize=362
DEBUG fread result=373 expected=373 ferror=0
DEBUG pak entry: [data/mainSprites] len=16 vs searching [gfx/sprites/bobSpin1.png] len=24
DEBUG found match: location=4591466 cSize=384 fSize=373
DEBUG fread result=384 expected=384 ferror=0
DEBUG pak entry: [data/mainSprites] len=16 vs searching [gfx/sprites/bobSpin2.png] len=24
DEBUG found match: location=4591850 cSize=376 fSize=365
DEBUG fread result=376 expected=376 ferror=0
DEBUG pak entry: [data/mainSprites] len=16 vs searching [gfx/sprites/bobSpin3.png] len=24
DEBUG found match: location=4592226 cSize=387 fSize=376
DEBUG fread result=387 expected=387 ferror=0
DEBUG pak entry: [data/mainSprites] len=16 vs searching [gfx/sprites/aquaBobRight1.png] len=29
DEBUG found match: location=4550924 cSize=437 fSize=426
DEBUG fread result=437 expected=437 ferror=0
DEBUG pak entry: [data/mainSprites] len=16 vs searching [gfx/sprites/aquaBobLeft1.png] len=28
DEBUG found match: location=4550487 cSize=437 fSize=426
DEBUG fread result=437 expected=437 ferror=0
DEBUG pak entry: [data/mainSprites] len=16 vs searching [gfx/sprites/aquaBobRight1.png] len=29
DEBUG found match: location=4550924 cSize=437 fSize=426
DEBUG fread result=437 expected=437 ferror=0
DEBUG pak entry: [data/mainSprites] len=16 vs searching [gfx/sprites/aquaBobSpin1.png] len=28
DEBUG found match: location=4551361 cSize=466 fSize=455
DEBUG fread result=466 expected=466 ferror=0
DEBUG pak entry: [data/mainSprites] len=16 vs searching [gfx/sprites/aquaBobSpin2.png] len=28
DEBUG found match: location=4551827 cSize=444 fSize=433
DEBUG fread result=444 expected=444 ferror=0
DEBUG pak entry: [data/mainSprites] len=16 vs searching [gfx/sprites/aquaBobSpin3.png] len=28
DEBUG found match: location=4552271 cSize=466 fSize=455
DEBUG fread result=466 expected=466 ferror=0
DEBUG pak entry: [data/mainSprites] len=16 vs searching [gfx/sprites/bobJPRight1.png] len=27
DEBUG found match: location=4586465 cSize=685 fSize=674
DEBUG fread result=685 expected=685 ferror=0
DEBUG pak entry: [data/mainSprites] len=16 vs searching [gfx/sprites/bobJPRight2.png] len=27
DEBUG found match: location=4587150 cSize=681 fSize=670
DEBUG fread result=681 expected=681 ferror=0
DEBUG pak entry: [data/mainSprites] len=16 vs searching [gfx/sprites/bobJPRight3.png] len=27
DEBUG found match: location=4587831 cSize=676 fSize=665
DEBUG fread result=676 expected=676 ferror=0
DEBUG pak entry: [data/mainSprites] len=16 vs searching [gfx/sprites/bobJPRight4.png] len=27
DEBUG found match: location=4588507 cSize=683 fSize=672
DEBUG fread result=683 expected=683 ferror=0
DEBUG pak entry: [data/mainSprites] len=16 vs searching [gfx/sprites/bobJPRight2.png] len=27
DEBUG found match: location=4587150 cSize=681 fSize=670
DEBUG fread result=681 expected=681 ferror=0
DEBUG pak entry: [data/mainSprites] len=16 vs searching [gfx/sprites/bobJPRight3.png] len=27
DEBUG found match: location=4587831 cSize=676 fSize=665
DEBUG fread result=676 expected=676 ferror=0
DEBUG pak entry: [data/mainSprites] len=16 vs searching [gfx/sprites/bobJPLeft1.png] len=26
DEBUG found match: location=4583737 cSize=678 fSize=667
DEBUG fread result=678 expected=678 ferror=0
DEBUG pak entry: [data/mainSprites] len=16 vs searching [gfx/sprites/bobJPLeft2.png] len=26
DEBUG found match: location=4584415 cSize=685 fSize=674
DEBUG fread result=685 expected=685 ferror=0
DEBUG pak entry: [data/mainSprites] len=16 vs searching [gfx/sprites/bobJPLeft3.png] len=26
DEBUG found match: location=4585100 cSize=676 fSize=665
DEBUG fread result=676 expected=676 ferror=0
DEBUG pak entry: [data/mainSprites] len=16 vs searching [gfx/sprites/bobJPLeft4.png] len=26
DEBUG found match: location=4585776 cSize=689 fSize=678
DEBUG fread result=689 expected=689 ferror=0
DEBUG pak entry: [data/mainSprites] len=16 vs searching [gfx/sprites/bobJPLeft2.png] len=26
DEBUG found match: location=4584415 cSize=685 fSize=674
DEBUG fread result=685 expected=685 ferror=0
DEBUG pak entry: [data/mainSprites] len=16 vs searching [gfx/sprites/bobJPLeft3.png] len=26
DEBUG found match: location=4585100 cSize=676 fSize=665
DEBUG fread result=676 expected=676 ferror=0
DEBUG pak entry: [data/mainSprites] len=16 vs searching [gfx/sprites/platform.png] len=24
DEBUG found match: location=4684161 cSize=1412 fSize=1401
DEBUG fread result=1412 expected=1412 ferror=0
DEBUG pak entry: [data/mainSprites] len=16 vs searching [gfx/sprites/goldDoor.png] len=24
DEBUG found match: location=4655099 cSize=187 fSize=180
DEBUG fread result=187 expected=187 ferror=0
DEBUG pak entry: [data/mainSprites] len=16 vs searching [gfx/sprites/goldDoor.png] len=24
DEBUG found match: location=4655099 cSize=187 fSize=180
DEBUG fread result=187 expected=187 ferror=0
DEBUG pak entry: [data/mainSprites] len=16 vs searching [gfx/sprites/silverDoor.png] len=26
DEBUG found match: location=4699556 cSize=169 fSize=166
DEBUG fread result=169 expected=169 ferror=0
DEBUG pak entry: [data/mainSprites] len=16 vs searching [gfx/sprites/goldDoor.png] len=24
DEBUG found match: location=4655099 cSize=187 fSize=180
DEBUG fread result=187 expected=187 ferror=0
DEBUG pak entry: [data/mainSprites] len=16 vs searching [gfx/sprites/goldSlideDoor.png] len=29
DEBUG found match: location=4656113 cSize=179 fSize=172
DEBUG fread result=179 expected=179 ferror=0
DEBUG pak entry: [data/mainSprites] len=16 vs searching [gfx/sprites/goldSlideDoor.png] len=29
DEBUG found match: location=4656113 cSize=179 fSize=172
DEBUG fread result=179 expected=179 ferror=0
DEBUG pak entry: [data/mainSprites] len=16 vs searching [gfx/sprites/silverSlideDoor.png] len=31
DEBUG found match: location=4699725 cSize=181 fSize=177
DEBUG fread result=181 expected=181 ferror=0
DEBUG pak entry: [data/mainSprites] len=16 vs searching [gfx/sprites/goldSlideDoor.png] len=29
DEBUG found match: location=4656113 cSize=179 fSize=172
DEBUG fread result=179 expected=179 ferror=0
DEBUG pak entry: [data/mainSprites] len=16 vs searching [gfx/sprites/teleporter1.png] len=27
DEBUG found match: location=4726161 cSize=2931 fSize=2920
DEBUG fread result=2931 expected=2931 ferror=0
DEBUG pak entry: [data/mainSprites] len=16 vs searching [gfx/sprites/flameBullet1.png] len=28
DEBUG found match: location=4632939 cSize=235 fSize=228
DEBUG fread result=235 expected=235 ferror=0
DEBUG pak entry: [data/mainSprites] len=16 vs searching [gfx/sprites/flameBullet2.png] len=28
DEBUG found match: location=4633174 cSize=230 fSize=222
DEBUG fread result=230 expected=230 ferror=0
DEBUG pak entry: [data/mainSprites] len=16 vs searching [gfx/sprites/pointsPod1.png] len=26
DEBUG found match: location=4685573 cSize=264 fSize=281
DEBUG fread result=264 expected=264 ferror=0
DEBUG pak entry: [data/mainSprites] len=16 vs searching [gfx/sprites/pointsPod2.png] len=26
DEBUG found match: location=4685837 cSize=149 fSize=150
DEBUG fread result=149 expected=149 ferror=0
DEBUG pak entry: [data/mainSprites] len=16 vs searching [gfx/sprites/pointsPod3.png] len=26
DEBUG found match: location=4685986 cSize=151 fSize=151
DEBUG fread result=151 expected=151 ferror=0
DEBUG pak entry: [data/mainSprites] len=16 vs searching [gfx/sprites/pointsPod4.png] len=26
DEBUG found match: location=4686137 cSize=294 fSize=307
DEBUG fread result=294 expected=294 ferror=0
DEBUG pak entry: [data/mainSprites] len=16 vs searching [gfx/sprites/pointsPod1.png] len=26
DEBUG found match: location=4685573 cSize=264 fSize=281
DEBUG fread result=264 expected=264 ferror=0
DEBUG pak entry: [data/mainSprites] len=16 vs searching [gfx/sprites/pointsPod2.png] len=26
DEBUG found match: location=4685837 cSize=149 fSize=150
DEBUG fread result=149 expected=149 ferror=0
DEBUG pak entry: [data/mainSprites] len=16 vs searching [gfx/sprites/pointsPod3.png] len=26
DEBUG found match: location=4685986 cSize=151 fSize=151
DEBUG fread result=151 expected=151 ferror=0
DEBUG pak entry: [data/mainSprites] len=16 vs searching [gfx/sprites/pointsPod4.png] len=26
DEBUG found match: location=4686137 cSize=294 fSize=307
DEBUG fread result=294 expected=294 ferror=0
DEBUG pak entry: [data/mainSprites] len=16 vs searching [gfx/sprites/pointsPod1.png] len=26
DEBUG found match: location=4685573 cSize=264 fSize=281
DEBUG fread result=264 expected=264 ferror=0
DEBUG pak entry: [data/mainSprites] len=16 vs searching [gfx/sprites/pointsPod2.png] len=26
DEBUG found match: location=4685837 cSize=149 fSize=150
DEBUG fread result=149 expected=149 ferror=0
DEBUG pak entry: [data/mainSprites] len=16 vs searching [gfx/sprites/pointsPod3.png] len=26
DEBUG found match: location=4685986 cSize=151 fSize=151
DEBUG fread result=151 expected=151 ferror=0
DEBUG pak entry: [data/mainSprites] len=16 vs searching [gfx/sprites/pointsPod4.png] len=26
DEBUG found match: location=4686137 cSize=294 fSize=307
DEBUG fread result=294 expected=294 ferror=0
DEBUG pak entry: [data/mainSprites] len=16 vs searching [gfx/sprites/pointsPod1.png] len=26
DEBUG found match: location=4685573 cSize=264 fSize=281
DEBUG fread result=264 expected=264 ferror=0
DEBUG pak entry: [data/mainSprites] len=16 vs searching [gfx/sprites/pointsPod2.png] len=26
DEBUG found match: location=4685837 cSize=149 fSize=150
DEBUG fread result=149 expected=149 ferror=0
DEBUG pak entry: [data/mainSprites] len=16 vs searching [gfx/sprites/pointsPod3.png] len=26
DEBUG found match: location=4685986 cSize=151 fSize=151
DEBUG fread result=151 expected=151 ferror=0
DEBUG pak entry: [data/mainSprites] len=16 vs searching [gfx/sprites/pointsPod4.png] len=26
DEBUG found match: location=4686137 cSize=294 fSize=307
DEBUG fread result=294 expected=294 ferror=0
DEBUG pak entry: [data/mainSprites] len=16 vs searching [gfx/sprites/pointsPod1.png] len=26
DEBUG found match: location=4685573 cSize=264 fSize=281
DEBUG fread result=264 expected=264 ferror=0
DEBUG pak entry: [data/mainSprites] len=16 vs searching [gfx/sprites/pointsPod2.png] len=26
DEBUG found match: location=4685837 cSize=149 fSize=150
DEBUG fread result=149 expected=149 ferror=0
DEBUG pak entry: [data/mainSprites] len=16 vs searching [gfx/sprites/pointsPod3.png] len=26
DEBUG found match: location=4685986 cSize=151 fSize=151
DEBUG fread result=151 expected=151 ferror=0
DEBUG pak entry: [data/mainSprites] len=16 vs searching [gfx/sprites/pointsPod4.png] len=26
DEBUG found match: location=4686137 cSize=294 fSize=307
DEBUG fread result=294 expected=294 ferror=0
DEBUG pak entry: [data/mainSprites] len=16 vs searching [gfx/sprites/pointsPod1.png] len=26
DEBUG found match: location=4685573 cSize=264 fSize=281
DEBUG fread result=264 expected=264 ferror=0
DEBUG pak entry: [data/mainSprites] len=16 vs searching [gfx/sprites/pointsPod2.png] len=26
DEBUG found match: location=4685837 cSize=149 fSize=150
DEBUG fread result=149 expected=149 ferror=0
DEBUG pak entry: [data/mainSprites] len=16 vs searching [gfx/sprites/pointsPod3.png] len=26
DEBUG found match: location=4685986 cSize=151 fSize=151
DEBUG fread result=151 expected=151 ferror=0
DEBUG pak entry: [data/mainSprites] len=16 vs searching [gfx/sprites/pointsPod4.png] len=26
DEBUG found match: location=4686137 cSize=294 fSize=307
DEBUG fread result=294 expected=294 ferror=0
DEBUG pak entry: [data/mainSprites] len=16 vs searching [gfx/sprites/pointsPod1.png] len=26
DEBUG found match: location=4685573 cSize=264 fSize=281
DEBUG fread result=264 expected=264 ferror=0
DEBUG pak entry: [data/mainSprites] len=16 vs searching [gfx/sprites/pointsPod2.png] len=26
DEBUG found match: location=4685837 cSize=149 fSize=150
DEBUG fread result=149 expected=149 ferror=0
DEBUG pak entry: [data/mainSprites] len=16 vs searching [gfx/sprites/pointsPod3.png] len=26
DEBUG found match: location=4685986 cSize=151 fSize=151
DEBUG fread result=151 expected=151 ferror=0
DEBUG pak entry: [data/mainSprites] len=16 vs searching [gfx/sprites/pointsPod4.png] len=26
DEBUG found match: location=4686137 cSize=294 fSize=307
DEBUG fread result=294 expected=294 ferror=0
DEBUG pak entry: [data/mainSprites] len=16 vs searching [gfx/sprites/bloodParticle1.png] len=30
DEBUG found match: location=4583301 cSize=98 fSize=100
DEBUG fread result=98 expected=98 ferror=0
DEBUG pak entry: [data/mainSprites] len=16 vs searching [gfx/sprites/bloodParticle2.png] len=30
DEBUG found match: location=4583399 cSize=101 fSize=101
DEBUG fread result=101 expected=101 ferror=0
DEBUG pak entry: [data/mainSprites] len=16 vs searching [gfx/sprites/bloodParticle3.png] len=30
DEBUG found match: location=4583500 cSize=96 fSize=98
DEBUG fread result=96 expected=96 ferror=0
DEBUG pak entry: [data/mainSprites] len=16 vs searching [gfx/sprites/bloodParticle1.png] len=30
DEBUG found match: location=4583301 cSize=98 fSize=100
DEBUG fread result=98 expected=98 ferror=0
DEBUG pak entry: [data/mainSprites] len=16 vs searching [gfx/sprites/bloodParticle2.png] len=30
DEBUG found match: location=4583399 cSize=101 fSize=101
DEBUG fread result=101 expected=101 ferror=0
DEBUG pak entry: [data/mainSprites] len=16 vs searching [gfx/sprites/bloodParticle3.png] len=30
DEBUG found match: location=4583500 cSize=96 fSize=98
DEBUG fread result=96 expected=96 ferror=0
DEBUG pak entry: [data/mainSprites] len=16 vs searching [gfx/sprites/bloodParticle1.png] len=30
DEBUG found match: location=4583301 cSize=98 fSize=100
DEBUG fread result=98 expected=98 ferror=0
DEBUG pak entry: [data/mainSprites] len=16 vs searching [gfx/sprites/bloodParticle2.png] len=30
DEBUG found match: location=4583399 cSize=101 fSize=101
DEBUG fread result=101 expected=101 ferror=0
DEBUG pak entry: [data/mainSprites] len=16 vs searching [gfx/sprites/bloodParticle3.png] len=30
DEBUG found match: location=4583500 cSize=96 fSize=98
DEBUG fread result=96 expected=96 ferror=0
DEBUG pak entry: [data/mainSprites] len=16 vs searching [gfx/sprites/smoke1.bmp] len=22
DEBUG found match: location=4700224 cSize=76 fSize=146
DEBUG fread result=76 expected=76 ferror=0
DEBUG pak entry: [data/mainSprites] len=16 vs searching [gfx/sprites/smoke2.bmp] len=22
DEBUG found match: location=4700300 cSize=83 fSize=146
DEBUG fread result=83 expected=83 ferror=0
DEBUG pak entry: [data/mainSprites] len=16 vs searching [gfx/sprites/smoke3.bmp] len=22
DEBUG found match: location=4700383 cSize=79 fSize=146
DEBUG fread result=79 expected=79 ferror=0
DEBUG pak entry: [data/mainSprites] len=16 vs searching [gfx/sprites/smoke4.bmp] len=22
DEBUG found match: location=4700462 cSize=77 fSize=146
DEBUG fread result=77 expected=77 ferror=0
DEBUG pak entry: [data/mainSprites] len=16 vs searching [gfx/sprites/smallExplosion1.bmp] len=31
DEBUG found match: location=4699906 cSize=76 fSize=146
DEBUG fread result=76 expected=76 ferror=0
DEBUG pak entry: [data/mainSprites] len=16 vs searching [gfx/sprites/smallExplosion2.bmp] len=31
DEBUG found match: location=4699982 cSize=84 fSize=146
DEBUG fread result=84 expected=84 ferror=0
DEBUG pak entry: [data/mainSprites] len=16 vs searching [gfx/sprites/smallExplosion3.bmp] len=31
DEBUG found match: location=4700066 cSize=80 fSize=146
DEBUG fread result=80 expected=80 ferror=0
DEBUG pak entry: [data/mainSprites] len=16 vs searching [gfx/sprites/smallExplosion4.bmp] len=31
DEBUG found match: location=4700146 cSize=78 fSize=146
DEBUG fread result=78 expected=78 ferror=0
DEBUG pak entry: [data/mainSprites] len=16 vs searching [gfx/sprites/wallPiece.png] len=25
DEBUG found match: location=4731199 cSize=652 fSize=641
DEBUG fread result=652 expected=652 ferror=0
DEBUG pak entry: [data/mainSprites] len=16 vs searching [gfx/sprites/goldKey1.png] len=24
DEBUG found match: location=4655393 cSize=138 fSize=135
DEBUG fread result=138 expected=138 ferror=0
DEBUG pak entry: [data/mainSprites] len=16 vs searching [gfx/sprites/goldKey2.png] len=24
DEBUG found match: location=4655531 cSize=147 fSize=145
DEBUG fread result=147 expected=147 ferror=0
DEBUG pak entry: [data/mainSprites] len=16 vs searching [gfx/sprites/goldKey3.png] len=24
DEBUG found match: location=4655678 cSize=157 fSize=153
DEBUG fread result=157 expected=157 ferror=0
DEBUG pak entry: [data/mainSprites] len=16 vs searching [gfx/sprites/goldKey4.png] len=24
DEBUG found match: location=4655835 cSize=161 fSize=159
DEBUG fread result=161 expected=161 ferror=0
DEBUG pak entry: [data/mainSprites] len=16 vs searching [gfx/sprites/goldKey3.png] len=24
DEBUG found match: location=4655678 cSize=157 fSize=153
DEBUG fread result=157 expected=157 ferror=0
DEBUG pak entry: [data/mainSprites] len=16 vs searching [gfx/sprites/goldKey2.png] len=24
DEBUG found match: location=4655531 cSize=147 fSize=145
DEBUG fread result=147 expected=147 ferror=0
DEBUG pak entry: [data/mainSprites] len=16 vs searching [gfx/sprites/goldKey1.png] len=24
DEBUG found match: location=4655393 cSize=138 fSize=135
DEBUG fread result=138 expected=138 ferror=0
DEBUG pak entry: [data/mainSprites] len=16 vs searching [gfx/sprites/goldKey2.png] len=24
DEBUG found match: location=4655531 cSize=147 fSize=145
DEBUG fread result=147 expected=147 ferror=0
DEBUG pak entry: [data/mainSprites] len=16 vs searching [gfx/sprites/goldKey3.png] len=24
DEBUG found match: location=4655678 cSize=157 fSize=153
DEBUG fread result=157 expected=157 ferror=0
DEBUG pak entry: [data/mainSprites] len=16 vs searching [gfx/sprites/goldKey4.png] len=24
DEBUG found match: location=4655835 cSize=161 fSize=159
DEBUG fread result=161 expected=161 ferror=0
DEBUG pak entry: [data/mainSprites] len=16 vs searching [gfx/sprites/goldKey3.png] len=24
DEBUG found match: location=4655678 cSize=157 fSize=153
DEBUG fread result=157 expected=157 ferror=0
DEBUG pak entry: [data/mainSprites] len=16 vs searching [gfx/sprites/goldKey2.png] len=24
DEBUG found match: location=4655531 cSize=147 fSize=145
DEBUG fread result=147 expected=147 ferror=0
DEBUG pak entry: [data/mainSprites] len=16 vs searching [gfx/sprites/goldKey1.png] len=24
DEBUG found match: location=4655393 cSize=138 fSize=135
DEBUG fread result=138 expected=138 ferror=0
DEBUG pak entry: [data/mainSprites] len=16 vs searching [gfx/sprites/goldKey2.png] len=24
DEBUG found match: location=4655531 cSize=147 fSize=145
DEBUG fread result=147 expected=147 ferror=0
DEBUG pak entry: [data/mainSprites] len=16 vs searching [gfx/sprites/goldKey3.png] len=24
DEBUG found match: location=4655678 cSize=157 fSize=153
DEBUG fread result=157 expected=157 ferror=0
DEBUG pak entry: [data/mainSprites] len=16 vs searching [gfx/sprites/goldKey4.png] len=24
DEBUG found match: location=4655835 cSize=161 fSize=159
DEBUG fread result=161 expected=161 ferror=0
DEBUG pak entry: [data/mainSprites] len=16 vs searching [gfx/sprites/goldKey3.png] len=24
DEBUG found match: location=4655678 cSize=157 fSize=153
DEBUG fread result=157 expected=157 ferror=0
DEBUG pak entry: [data/mainSprites] len=16 vs searching [gfx/sprites/goldKey2.png] len=24
DEBUG found match: location=4655531 cSize=147 fSize=145
DEBUG fread result=147 expected=147 ferror=0
DEBUG pak entry: [data/mainSprites] len=16 vs searching [gfx/sprites/keyCard1.png] len=24
DEBUG found match: location=4669505 cSize=141 fSize=139
DEBUG fread result=141 expected=141 ferror=0
DEBUG pak entry: [data/mainSprites] len=16 vs searching [gfx/sprites/keyCard2.png] len=24
DEBUG found match: location=4669646 cSize=146 fSize=144
DEBUG fread result=146 expected=146 ferror=0
DEBUG pak entry: [data/mainSprites] len=16 vs searching [gfx/sprites/keyCard3.png] len=24
DEBUG found match: location=4669792 cSize=147 fSize=144
DEBUG fread result=147 expected=147 ferror=0
DEBUG pak entry: [data/mainSprites] len=16 vs searching [gfx/sprites/keyCard4.png] len=24
DEBUG found match: location=4669939 cSize=148 fSize=144
DEBUG fread result=148 expected=148 ferror=0
DEBUG pak entry: [data/mainSprites] len=16 vs searching [gfx/sprites/keyCard5.png] len=24
DEBUG found match: location=4670087 cSize=146 fSize=144
DEBUG fread result=146 expected=146 ferror=0
DEBUG pak entry: [data/mainSprites] len=16 vs searching [gfx/sprites/keyCard1.png] len=24
DEBUG found match: location=4669505 cSize=141 fSize=139
DEBUG fread result=141 expected=141 ferror=0
DEBUG pak entry: [data/mainSprites] len=16 vs searching [gfx/sprites/keyCard2.png] len=24
DEBUG found match: location=4669646 cSize=146 fSize=144
DEBUG fread result=146 expected=146 ferror=0
DEBUG pak entry: [data/mainSprites] len=16 vs searching [gfx/sprites/keyCard3.png] len=24
DEBUG found match: location=4669792 cSize=147 fSize=144
DEBUG fread result=147 expected=147 ferror=0
DEBUG pak entry: [data/mainSprites] len=16 vs searching [gfx/sprites/keyCard4.png] len=24
DEBUG found match: location=4669939 cSize=148 fSize=144
DEBUG fread result=148 expected=148 ferror=0
DEBUG pak entry: [data/mainSprites] len=16 vs searching [gfx/sprites/keyCard5.png] len=24
DEBUG found match: location=4670087 cSize=146 fSize=144
DEBUG fread result=146 expected=146 ferror=0
DEBUG pak entry: [data/mainSprites] len=16 vs searching [gfx/sprites/keyCard1.png] len=24
DEBUG found match: location=4669505 cSize=141 fSize=139
DEBUG fread result=141 expected=141 ferror=0
DEBUG pak entry: [data/mainSprites] len=16 vs searching [gfx/sprites/keyCard2.png] len=24
DEBUG found match: location=4669646 cSize=146 fSize=144
DEBUG fread result=146 expected=146 ferror=0
DEBUG pak entry: [data/mainSprites] len=16 vs searching [gfx/sprites/keyCard3.png] len=24
DEBUG found match: location=4669792 cSize=147 fSize=144
DEBUG fread result=147 expected=147 ferror=0
DEBUG pak entry: [data/mainSprites] len=16 vs searching [gfx/sprites/keyCard4.png] len=24
DEBUG found match: location=4669939 cSize=148 fSize=144
DEBUG fread result=148 expected=148 ferror=0
DEBUG pak entry: [data/mainSprites] len=16 vs searching [gfx/sprites/keyCard5.png] len=24
DEBUG found match: location=4670087 cSize=146 fSize=144
DEBUG fread result=146 expected=146 ferror=0
DEBUG pak entry: [data/mainSprites] len=16 vs searching [gfx/sprites/keyCard1.png] len=24
DEBUG found match: location=4669505 cSize=141 fSize=139
DEBUG fread result=141 expected=141 ferror=0
DEBUG pak entry: [data/mainSprites] len=16 vs searching [gfx/sprites/keyCard2.png] len=24
DEBUG found match: location=4669646 cSize=146 fSize=144
DEBUG fread result=146 expected=146 ferror=0
DEBUG pak entry: [data/mainSprites] len=16 vs searching [gfx/sprites/keyCard3.png] len=24
DEBUG found match: location=4669792 cSize=147 fSize=144
DEBUG fread result=147 expected=147 ferror=0
DEBUG pak entry: [data/mainSprites] len=16 vs searching [gfx/sprites/keyCard4.png] len=24
DEBUG found match: location=4669939 cSize=148 fSize=144
DEBUG fread result=148 expected=148 ferror=0
DEBUG pak entry: [data/mainSprites] len=16 vs searching [gfx/sprites/keyCard5.png] len=24
DEBUG found match: location=4670087 cSize=146 fSize=144
DEBUG fread result=146 expected=146 ferror=0
DEBUG pak entry: [data/mainSprites] len=16 vs searching [gfx/sprites/keyCard1.png] len=24
DEBUG found match: location=4669505 cSize=141 fSize=139
DEBUG fread result=141 expected=141 ferror=0
DEBUG pak entry: [data/mainSprites] len=16 vs searching [gfx/sprites/keyCard2.png] len=24
DEBUG found match: location=4669646 cSize=146 fSize=144
DEBUG fread result=146 expected=146 ferror=0
DEBUG pak entry: [data/mainSprites] len=16 vs searching [gfx/sprites/keyCard3.png] len=24
DEBUG found match: location=4669792 cSize=147 fSize=144
DEBUG fread result=147 expected=147 ferror=0
DEBUG pak entry: [data/mainSprites] len=16 vs searching [gfx/sprites/keyCard4.png] len=24
DEBUG found match: location=4669939 cSize=148 fSize=144
DEBUG fread result=148 expected=148 ferror=0
DEBUG pak entry: [data/mainSprites] len=16 vs searching [gfx/sprites/keyCard5.png] len=24
DEBUG found match: location=4670087 cSize=146 fSize=144
DEBUG fread result=146 expected=146 ferror=0
DEBUG pak entry: [data/mainSprites] len=16 vs searching [gfx/sprites/lavaRock1.png] len=25
DEBUG found match: location=4670693 cSize=646 fSize=635
DEBUG fread result=646 expected=646 ferror=0
DEBUG pak entry: [data/mainSprites] len=16 vs searching [gfx/sprites/lavaRock2.png] len=25
DEBUG found match: location=4671339 cSize=659 fSize=648
DEBUG fread result=659 expected=659 ferror=0
DEBUG pak entry: [data/mainSprites] len=16 vs searching [gfx/sprites/lavaRock3.png] len=25
DEBUG found match: location=4671998 cSize=643 fSize=632
DEBUG fread result=643 expected=643 ferror=0
DEBUG pak entry: [data/mainSprites] len=16 vs searching [gfx/sprites/lavaRock4.png] len=25
DEBUG found match: location=4672641 cSize=662 fSize=651
DEBUG fread result=662 expected=662 ferror=0
DEBUG pak entry: [data/mainSprites] len=16 vs searching [gfx/sprites/onFire1.png] len=23
DEBUG found match: location=4682615 cSize=148 fSize=149
DEBUG fread result=148 expected=148 ferror=0
DEBUG pak entry: [data/mainSprites] len=16 vs searching [gfx/sprites/onFire2.png] len=23
DEBUG found match: location=4682763 cSize=149 fSize=149
DEBUG fread result=149 expected=149 ferror=0
DEBUG pak entry: [data/mainSprites] len=16 vs searching [gfx/sprites/onFire1.png] len=23
DEBUG found match: location=4682615 cSize=148 fSize=149
DEBUG fread result=148 expected=148 ferror=0
DEBUG pak entry: [data/mainSprites] len=16 vs searching [gfx/sprites/onFire2.png] len=23
DEBUG found match: location=4682763 cSize=149 fSize=149
DEBUG fread result=149 expected=149 ferror=0
DEBUG pak entry: [data/mainSprites] len=16 vs searching [gfx/sprites/cherry.png] len=22
DEBUG found match: location=4593582 cSize=145 fSize=148
DEBUG fread result=145 expected=145 ferror=0
DEBUG pak entry: [data/mainSprites] len=16 vs searching [gfx/sprites/doubleCherries.png] len=30
DEBUG found match: location=4602570 cSize=215 fSize=214
DEBUG fread result=215 expected=215 ferror=0
DEBUG pak entry: [data/mainSprites] len=16 vs searching [gfx/sprites/tripleCherries.png] len=30
DEBUG found match: location=4730942 cSize=257 fSize=253
DEBUG fread result=257 expected=257 ferror=0
DEBUG pak entry: [data/mainSprites] len=16 vs searching [gfx/sprites/grenade1.png] len=24
DEBUG found match: location=4657988 cSize=113 fSize=114
DEBUG fread result=113 expected=113 ferror=0
DEBUG pak entry: [data/mainSprites] len=16 vs searching [gfx/sprites/grenade2.png] len=24
DEBUG found match: location=4658101 cSize=115 fSize=117
DEBUG fread result=115 expected=115 ferror=0
DEBUG pak entry: [data/mainSprites] len=16 vs searching [gfx/sprites/grenade3.png] len=24
DEBUG found match: location=4658216 cSize=113 fSize=114
DEBUG fread result=113 expected=113 ferror=0
DEBUG pak entry: [data/mainSprites] len=16 vs searching [gfx/sprites/grenade4.png] len=24
DEBUG found match: location=4658329 cSize=113 fSize=115
DEBUG fread result=113 expected=113 ferror=0
DEBUG pak entry: [data/mainSprites] len=16 vs searching [gfx/sprites/alienGrenade1.png] len=29
DEBUG found match: location=4548594 cSize=130 fSize=130
DEBUG fread result=130 expected=130 ferror=0
DEBUG pak entry: [data/mainSprites] len=16 vs searching [gfx/sprites/alienGrenade2.png] len=29
DEBUG found match: location=4548724 cSize=127 fSize=128
DEBUG fread result=127 expected=127 ferror=0
DEBUG pak entry: [data/mainSprites] len=16 vs searching [gfx/sprites/alienGrenade3.png] len=29
DEBUG found match: location=4548851 cSize=126 fSize=128
DEBUG fread result=126 expected=126 ferror=0
DEBUG pak entry: [data/mainSprites] len=16 vs searching [gfx/sprites/alienGrenade4.png] len=29
DEBUG found match: location=4548977 cSize=125 fSize=127
DEBUG fread result=125 expected=125 ferror=0
DEBUG pak entry: [data/mainSprites] len=16 vs searching [gfx/sprites/aimedShot1.png] len=26
DEBUG found match: location=4548270 cSize=113 fSize=115
DEBUG fread result=113 expected=113 ferror=0
DEBUG pak entry: [data/mainSprites] len=16 vs searching [gfx/sprites/aimedShot2.png] len=26
DEBUG found match: location=4548383 cSize=105 fSize=105
DEBUG fread result=105 expected=105 ferror=0
DEBUG pak entry: [data/mainSprites] len=16 vs searching [gfx/sprites/aimedShot3.png] len=26
DEBUG found match: location=4548488 cSize=106 fSize=105
DEBUG fread result=106 expected=106 ferror=0
DEBUG pak entry: [data/mainSprites] len=16 vs searching [gfx/sprites/evilBlobRight1.png] len=30
DEBUG found match: location=4615647 cSize=330 fSize=323
DEBUG fread result=330 expected=330 ferror=0
DEBUG pak entry: [data/mainSprites] len=16 vs searching [gfx/sprites/evilBlobRight2.png] len=30
DEBUG found match: location=4615977 cSize=333 fSize=326
DEBUG fread result=333 expected=333 ferror=0
DEBUG pak entry: [data/mainSprites] len=16 vs searching [gfx/sprites/evilBlobRight3.png] len=30
DEBUG found match: location=4616310 cSize=330 fSize=323
DEBUG fread result=330 expected=330 ferror=0
DEBUG pak entry: [data/mainSprites] len=16 vs searching [gfx/sprites/evilBlobRight4.png] len=30
DEBUG found match: location=4616640 cSize=329 fSize=321
DEBUG fread result=329 expected=329 ferror=0
DEBUG pak entry: [data/mainSprites] len=16 vs searching [gfx/sprites/evilBlobRight3.png] len=30
DEBUG found match: location=4616310 cSize=330 fSize=323
DEBUG fread result=330 expected=330 ferror=0
DEBUG pak entry: [data/mainSprites] len=16 vs searching [gfx/sprites/evilBlobRight2.png] len=30
DEBUG found match: location=4615977 cSize=333 fSize=326
DEBUG fread result=333 expected=333 ferror=0
DEBUG pak entry: [data/mainSprites] len=16 vs searching [gfx/sprites/evilBlobLeft1.png] len=29
DEBUG found match: location=4614336 cSize=321 fSize=313
DEBUG fread result=321 expected=321 ferror=0
DEBUG pak entry: [data/mainSprites] len=16 vs searching [gfx/sprites/evilBlobLeft2.png] len=29
DEBUG found match: location=4614657 cSize=333 fSize=325
DEBUG fread result=333 expected=333 ferror=0
DEBUG pak entry: [data/mainSprites] len=16 vs searching [gfx/sprites/evilBlobLeft3.png] len=29
DEBUG found match: location=4614990 cSize=330 fSize=322
DEBUG fread result=330 expected=330 ferror=0
DEBUG pak entry: [data/mainSprites] len=16 vs searching [gfx/sprites/evilBlobLeft4.png] len=29
DEBUG found match: location=4615320 cSize=327 fSize=319
DEBUG fread result=327 expected=327 ferror=0
DEBUG pak entry: [data/mainSprites] len=16 vs searching [gfx/sprites/evilBlobLeft3.png] len=29
DEBUG found match: location=4614990 cSize=330 fSize=322
DEBUG fread result=330 expected=330 ferror=0
DEBUG pak entry: [data/mainSprites] len=16 vs searching [gfx/sprites/evilBlobLeft2.png] len=29
DEBUG found match: location=4614657 cSize=333 fSize=325
DEBUG fread result=333 expected=333 ferror=0
DEBUG pak entry: [data/mainSprites] len=16 vs searching [gfx/sprites/evilBlobRight1.png] len=30
DEBUG found match: location=4615647 cSize=330 fSize=323
DEBUG fread result=330 expected=330 ferror=0
DEBUG pak entry: [data/mainSprites] len=16 vs searching [gfx/sprites/evilBlobSpin1.png] len=29
DEBUG found match: location=4616969 cSize=334 fSize=326
DEBUG fread result=334 expected=334 ferror=0
DEBUG pak entry: [data/mainSprites] len=16 vs searching [gfx/sprites/evilBlobSpin2.png] len=29
DEBUG found match: location=4617303 cSize=329 fSize=323
DEBUG fread result=329 expected=329 ferror=0
DEBUG pak entry: [data/mainSprites] len=16 vs searching [gfx/sprites/evilBlobSpin3.png] len=29
DEBUG found match: location=4617632 cSize=339 fSize=331
DEBUG fread result=339 expected=339 ferror=0
DEBUG pak entry: [data/mainSprites] len=16 vs searching [gfx/sprites/evilBlobRight1.png] len=30
DEBUG found match: location=4615647 cSize=330 fSize=323
DEBUG fread result=330 expected=330 ferror=0
DEBUG pak entry: [data/mainSprites] len=16 vs searching [gfx/sprites/evilBlobRight2.png] len=30
DEBUG found match: location=4615977 cSize=333 fSize=326
DEBUG fread result=333 expected=333 ferror=0
DEBUG pak entry: [data/mainSprites] len=16 vs searching [gfx/sprites/evilBlobRight3.png] len=30
DEBUG found match: location=4616310 cSize=330 fSize=323
DEBUG fread result=330 expected=330 ferror=0
DEBUG pak entry: [data/mainSprites] len=16 vs searching [gfx/sprites/evilBlobRight4.png] len=30
DEBUG found match: location=4616640 cSize=329 fSize=321
DEBUG fread result=329 expected=329 ferror=0
DEBUG pak entry: [data/mainSprites] len=16 vs searching [gfx/sprites/evilBlobRight3.png] len=30
DEBUG found match: location=4616310 cSize=330 fSize=323
DEBUG fread result=330 expected=330 ferror=0
DEBUG pak entry: [data/mainSprites] len=16 vs searching [gfx/sprites/evilBlobRight2.png] len=30
DEBUG found match: location=4615977 cSize=333 fSize=326
DEBUG fread result=333 expected=333 ferror=0
DEBUG pak entry: [data/mainSprites] len=16 vs searching [gfx/sprites/evilBlobLeft1.png] len=29
DEBUG found match: location=4614336 cSize=321 fSize=313
DEBUG fread result=321 expected=321 ferror=0
DEBUG pak entry: [data/mainSprites] len=16 vs searching [gfx/sprites/evilBlobLeft2.png] len=29
DEBUG found match: location=4614657 cSize=333 fSize=325
DEBUG fread result=333 expected=333 ferror=0
DEBUG pak entry: [data/mainSprites] len=16 vs searching [gfx/sprites/evilBlobLeft3.png] len=29
DEBUG found match: location=4614990 cSize=330 fSize=322
DEBUG fread result=330 expected=330 ferror=0
DEBUG pak entry: [data/mainSprites] len=16 vs searching [gfx/sprites/evilBlobLeft4.png] len=29
DEBUG found match: location=4615320 cSize=327 fSize=319
DEBUG fread result=327 expected=327 ferror=0
DEBUG pak entry: [data/mainSprites] len=16 vs searching [gfx/sprites/evilBlobLeft3.png] len=29
DEBUG found match: location=4614990 cSize=330 fSize=322
DEBUG fread result=330 expected=330 ferror=0
DEBUG pak entry: [data/mainSprites] len=16 vs searching [gfx/sprites/evilBlobLeft2.png] len=29
DEBUG found match: location=4614657 cSize=333 fSize=325
DEBUG fread result=333 expected=333 ferror=0
DEBUG pak entry: [data/mainSprites] len=16 vs searching [gfx/sprites/evilBlobRight1.png] len=30
DEBUG found match: location=4615647 cSize=330 fSize=323
DEBUG fread result=330 expected=330 ferror=0
DEBUG pak entry: [data/mainSprites] len=16 vs searching [gfx/sprites/evilBlobSpin1.png] len=29
DEBUG found match: location=4616969 cSize=334 fSize=326
DEBUG fread result=334 expected=334 ferror=0
DEBUG pak entry: [data/mainSprites] len=16 vs searching [gfx/sprites/evilBlobSpin2.png] len=29
DEBUG found match: location=4617303 cSize=329 fSize=323
DEBUG fread result=329 expected=329 ferror=0
DEBUG pak entry: [data/mainSprites] len=16 vs searching [gfx/sprites/evilBlobSpin3.png] len=29
DEBUG found match: location=4617632 cSize=339 fSize=331
DEBUG fread result=339 expected=339 ferror=0
DEBUG pak entry: [data/mainSprites] len=16 vs searching [gfx/sprites/evilBlobRight1.png] len=30
DEBUG found match: location=4615647 cSize=330 fSize=323
DEBUG fread result=330 expected=330 ferror=0
DEBUG pak entry: [data/mainSprites] len=16 vs searching [gfx/sprites/evilBlobRight2.png] len=30
DEBUG found match: location=4615977 cSize=333 fSize=326
DEBUG fread result=333 expected=333 ferror=0
DEBUG pak entry: [data/mainSprites] len=16 vs searching [gfx/sprites/evilBlobRight3.png] len=30
DEBUG found match: location=4616310 cSize=330 fSize=323
DEBUG fread result=330 expected=330 ferror=0
DEBUG pak entry: [data/mainSprites] len=16 vs searching [gfx/sprites/evilBlobRight4.png] len=30
DEBUG found match: location=4616640 cSize=329 fSize=321
DEBUG fread result=329 expected=329 ferror=0
DEBUG pak entry: [data/mainSprites] len=16 vs searching [gfx/sprites/evilBlobRight3.png] len=30
DEBUG found match: location=4616310 cSize=330 fSize=323
DEBUG fread result=330 expected=330 ferror=0
DEBUG pak entry: [data/mainSprites] len=16 vs searching [gfx/sprites/evilBlobRight2.png] len=30
DEBUG found match: location=4615977 cSize=333 fSize=326
DEBUG fread result=333 expected=333 ferror=0
DEBUG pak entry: [data/mainSprites] len=16 vs searching [gfx/sprites/evilBlobLeft1.png] len=29
DEBUG found match: location=4614336 cSize=321 fSize=313
DEBUG fread result=321 expected=321 ferror=0
DEBUG pak entry: [data/mainSprites] len=16 vs searching [gfx/sprites/evilBlobLeft2.png] len=29
DEBUG found match: location=4614657 cSize=333 fSize=325
DEBUG fread result=333 expected=333 ferror=0
DEBUG pak entry: [data/mainSprites] len=16 vs searching [gfx/sprites/evilBlobLeft3.png] len=29
DEBUG found match: location=4614990 cSize=330 fSize=322
DEBUG fread result=330 expected=330 ferror=0
DEBUG pak entry: [data/mainSprites] len=16 vs searching [gfx/sprites/evilBlobLeft4.png] len=29
DEBUG found match: location=4615320 cSize=327 fSize=319
DEBUG fread result=327 expected=327 ferror=0
DEBUG pak entry: [data/mainSprites] len=16 vs searching [gfx/sprites/evilBlobLeft3.png] len=29
DEBUG found match: location=4614990 cSize=330 fSize=322
DEBUG fread result=330 expected=330 ferror=0
DEBUG pak entry: [data/mainSprites] len=16 vs searching [gfx/sprites/evilBlobLeft2.png] len=29
DEBUG found match: location=4614657 cSize=333 fSize=325
DEBUG fread result=333 expected=333 ferror=0
DEBUG pak entry: [data/mainSprites] len=16 vs searching [gfx/sprites/evilBlobRight1.png] len=30
DEBUG found match: location=4615647 cSize=330 fSize=323
DEBUG fread result=330 expected=330 ferror=0
DEBUG pak entry: [data/mainSprites] len=16 vs searching [gfx/sprites/evilBlobSpin1.png] len=29
DEBUG found match: location=4616969 cSize=334 fSize=326
DEBUG fread result=334 expected=334 ferror=0
DEBUG pak entry: [data/mainSprites] len=16 vs searching [gfx/sprites/evilBlobSpin2.png] len=29
DEBUG found match: location=4617303 cSize=329 fSize=323
DEBUG fread result=329 expected=329 ferror=0
DEBUG pak entry: [data/mainSprites] len=16 vs searching [gfx/sprites/evilBlobSpin3.png] len=29
DEBUG found match: location=4617632 cSize=339 fSize=331
DEBUG fread result=339 expected=339 ferror=0
DEBUG pak entry: [data/mainSprites] len=16 vs searching [gfx/sprites/evilBlobRight1.png] len=30
DEBUG found match: location=4615647 cSize=330 fSize=323
DEBUG fread result=330 expected=330 ferror=0
DEBUG pak entry: [data/mainSprites] len=16 vs searching [gfx/sprites/evilBlobRight2.png] len=30
DEBUG found match: location=4615977 cSize=333 fSize=326
DEBUG fread result=333 expected=333 ferror=0
DEBUG pak entry: [data/mainSprites] len=16 vs searching [gfx/sprites/evilBlobRight3.png] len=30
DEBUG found match: location=4616310 cSize=330 fSize=323
DEBUG fread result=330 expected=330 ferror=0
DEBUG pak entry: [data/mainSprites] len=16 vs searching [gfx/sprites/evilBlobRight4.png] len=30
DEBUG found match: location=4616640 cSize=329 fSize=321
DEBUG fread result=329 expected=329 ferror=0
DEBUG pak entry: [data/mainSprites] len=16 vs searching [gfx/sprites/evilBlobRight3.png] len=30
DEBUG found match: location=4616310 cSize=330 fSize=323
DEBUG fread result=330 expected=330 ferror=0
DEBUG pak entry: [data/mainSprites] len=16 vs searching [gfx/sprites/evilBlobRight2.png] len=30
DEBUG found match: location=4615977 cSize=333 fSize=326
DEBUG fread result=333 expected=333 ferror=0
DEBUG pak entry: [data/mainSprites] len=16 vs searching [gfx/sprites/evilBlobLeft1.png] len=29
DEBUG found match: location=4614336 cSize=321 fSize=313
DEBUG fread result=321 expected=321 ferror=0
DEBUG pak entry: [data/mainSprites] len=16 vs searching [gfx/sprites/evilBlobLeft2.png] len=29
DEBUG found match: location=4614657 cSize=333 fSize=325
DEBUG fread result=333 expected=333 ferror=0
DEBUG pak entry: [data/mainSprites] len=16 vs searching [gfx/sprites/evilBlobLeft3.png] len=29
DEBUG found match: location=4614990 cSize=330 fSize=322
DEBUG fread result=330 expected=330 ferror=0
DEBUG pak entry: [data/mainSprites] len=16 vs searching [gfx/sprites/evilBlobLeft4.png] len=29
DEBUG found match: location=4615320 cSize=327 fSize=319
DEBUG fread result=327 expected=327 ferror=0
DEBUG pak entry: [data/mainSprites] len=16 vs searching [gfx/sprites/evilBlobLeft3.png] len=29
DEBUG found match: location=4614990 cSize=330 fSize=322
DEBUG fread result=330 expected=330 ferror=0
DEBUG pak entry: [data/mainSprites] len=16 vs searching [gfx/sprites/evilBlobLeft2.png] len=29
DEBUG found match: location=4614657 cSize=333 fSize=325
DEBUG fread result=333 expected=333 ferror=0
DEBUG pak entry: [data/mainSprites] len=16 vs searching [gfx/sprites/evilBlobRight1.png] len=30
DEBUG found match: location=4615647 cSize=330 fSize=323
DEBUG fread result=330 expected=330 ferror=0
DEBUG pak entry: [data/mainSprites] len=16 vs searching [gfx/sprites/evilBlobSpin1.png] len=29
DEBUG found match: location=4616969 cSize=334 fSize=326
DEBUG fread result=334 expected=334 ferror=0
DEBUG pak entry: [data/mainSprites] len=16 vs searching [gfx/sprites/evilBlobSpin2.png] len=29
DEBUG found match: location=4617303 cSize=329 fSize=323
DEBUG fread result=329 expected=329 ferror=0
DEBUG pak entry: [data/mainSprites] len=16 vs searching [gfx/sprites/evilBlobSpin3.png] len=29
DEBUG found match: location=4617632 cSize=339 fSize=331
DEBUG fread result=339 expected=339 ferror=0
DEBUG pak entry: [data/mainSprites] len=16 vs searching [gfx/sprites/evilBlobRight1.png] len=30
DEBUG found match: location=4615647 cSize=330 fSize=323
DEBUG fread result=330 expected=330 ferror=0
DEBUG pak entry: [data/mainSprites] len=16 vs searching [gfx/sprites/evilBlobRight2.png] len=30
DEBUG found match: location=4615977 cSize=333 fSize=326
DEBUG fread result=333 expected=333 ferror=0
DEBUG pak entry: [data/mainSprites] len=16 vs searching [gfx/sprites/evilBlobRight3.png] len=30
DEBUG found match: location=4616310 cSize=330 fSize=323
DEBUG fread result=330 expected=330 ferror=0
DEBUG pak entry: [data/mainSprites] len=16 vs searching [gfx/sprites/evilBlobRight4.png] len=30
DEBUG found match: location=4616640 cSize=329 fSize=321
DEBUG fread result=329 expected=329 ferror=0
DEBUG pak entry: [data/mainSprites] len=16 vs searching [gfx/sprites/evilBlobRight3.png] len=30
DEBUG found match: location=4616310 cSize=330 fSize=323
DEBUG fread result=330 expected=330 ferror=0
DEBUG pak entry: [data/mainSprites] len=16 vs searching [gfx/sprites/evilBlobRight2.png] len=30
DEBUG found match: location=4615977 cSize=333 fSize=326
DEBUG fread result=333 expected=333 ferror=0
DEBUG pak entry: [data/mainSprites] len=16 vs searching [gfx/sprites/evilBlobLeft1.png] len=29
DEBUG found match: location=4614336 cSize=321 fSize=313
DEBUG fread result=321 expected=321 ferror=0
DEBUG pak entry: [data/mainSprites] len=16 vs searching [gfx/sprites/evilBlobLeft2.png] len=29
DEBUG found match: location=4614657 cSize=333 fSize=325
DEBUG fread result=333 expected=333 ferror=0
DEBUG pak entry: [data/mainSprites] len=16 vs searching [gfx/sprites/evilBlobLeft3.png] len=29
DEBUG found match: location=4614990 cSize=330 fSize=322
DEBUG fread result=330 expected=330 ferror=0
DEBUG pak entry: [data/mainSprites] len=16 vs searching [gfx/sprites/evilBlobLeft4.png] len=29
DEBUG found match: location=4615320 cSize=327 fSize=319
DEBUG fread result=327 expected=327 ferror=0
DEBUG pak entry: [data/mainSprites] len=16 vs searching [gfx/sprites/evilBlobLeft3.png] len=29
DEBUG found match: location=4614990 cSize=330 fSize=322
DEBUG fread result=330 expected=330 ferror=0
DEBUG pak entry: [data/mainSprites] len=16 vs searching [gfx/sprites/evilBlobLeft2.png] len=29
DEBUG found match: location=4614657 cSize=333 fSize=325
DEBUG fread result=333 expected=333 ferror=0
DEBUG pak entry: [data/mainSprites] len=16 vs searching [gfx/sprites/evilBlobRight1.png] len=30
DEBUG found match: location=4615647 cSize=330 fSize=323
DEBUG fread result=330 expected=330 ferror=0
DEBUG pak entry: [data/mainSprites] len=16 vs searching [gfx/sprites/evilBlobSpin1.png] len=29
DEBUG found match: location=4616969 cSize=334 fSize=326
DEBUG fread result=334 expected=334 ferror=0
DEBUG pak entry: [data/mainSprites] len=16 vs searching [gfx/sprites/evilBlobSpin2.png] len=29
DEBUG found match: location=4617303 cSize=329 fSize=323
DEBUG fread result=329 expected=329 ferror=0
DEBUG pak entry: [data/mainSprites] len=16 vs searching [gfx/sprites/evilBlobSpin3.png] len=29
DEBUG found match: location=4617632 cSize=339 fSize=331
DEBUG fread result=339 expected=339 ferror=0
DEBUG pak entry: [data/mainSprites] len=16 vs searching [gfx/sprites/teleportStar1.png] len=29
DEBUG found match: location=4729092 cSize=97 fSize=101
DEBUG fread result=97 expected=97 ferror=0
DEBUG pak entry: [data/mainSprites] len=16 vs searching [gfx/sprites/teleportStar2.png] len=29
DEBUG found match: location=4729189 cSize=100 fSize=101
DEBUG fread result=100 expected=100 ferror=0
DEBUG pak entry: [data/mainSprites] len=16 vs searching [gfx/sprites/teleportStar3.png] len=29
DEBUG found match: location=4729289 cSize=98 fSize=101
DEBUG fread result=98 expected=98 ferror=0
DEBUG pak entry: [data/mainSprites] len=16 vs searching [gfx/sprites/teleportStar4.png] len=29
DEBUG found match: location=4729387 cSize=96 fSize=101
DEBUG fread result=96 expected=96 ferror=0
DEBUG pak entry: [data/mainSprites] len=16 vs searching [gfx/sprites/teleportStar5.png] len=29
DEBUG found match: location=4729483 cSize=99 fSize=101
DEBUG fread result=99 expected=99 ferror=0
DEBUG pak entry: [data/mainSprites] len=16 vs searching [gfx/sprites/teleportStar6.png] len=29
DEBUG found match: location=4729582 cSize=99 fSize=101
DEBUG fread result=99 expected=99 ferror=0
DEBUG pak entry: [data/mainSprites] len=16 vs searching [gfx/sprites/teleportStar7.png] len=29
DEBUG found match: location=4729681 cSize=83 fSize=83
DEBUG fread result=83 expected=83 ferror=0
DEBUG pak entry: [data/mainSprites] len=16 vs searching [gfx/sprites/scaredMIA1.png] len=26
DEBUG found match: location=4698418 cSize=283 fSize=278
DEBUG fread result=283 expected=283 ferror=0
DEBUG pak entry: [data/mainSprites] len=16 vs searching [gfx/sprites/scaredMIA2.png] len=26
DEBUG found match: location=4698701 cSize=286 fSize=280
DEBUG fread result=286 expected=286 ferror=0
DEBUG pak entry: [data/mainSprites] len=16 vs searching [gfx/sprites/scaredMIA3.png] len=26
DEBUG found match: location=4698987 cSize=283 fSize=278
DEBUG fread result=283 expected=283 ferror=0
DEBUG pak entry: [data/mainSprites] len=16 vs searching [gfx/sprites/scaredMIA4.png] len=26
DEBUG found match: location=4699270 cSize=286 fSize=280
DEBUG fread result=286 expected=286 ferror=0
DEBUG pak entry: [data/mainSprites] len=16 vs searching [gfx/sprites/aquaMIA1.png] len=24
DEBUG found match: location=4571966 cSize=342 fSize=331
DEBUG fread result=342 expected=342 ferror=0
DEBUG pak entry: [data/mainSprites] len=16 vs searching [gfx/sprites/aquaMIA2.png] len=24
DEBUG found match: location=4572308 cSize=343 fSize=332
DEBUG fread result=343 expected=343 ferror=0
DEBUG pak entry: [data/mainSprites] len=16 vs searching [gfx/sprites/aquaMIA3.png] len=24
DEBUG found match: location=4572651 cSize=341 fSize=330
DEBUG fread result=341 expected=341 ferror=0
DEBUG pak entry: [data/mainSprites] len=16 vs searching [gfx/sprites/aquaMIA2.png] len=24
DEBUG found match: location=4572308 cSize=343 fSize=332
DEBUG fread result=343 expected=343 ferror=0
DEBUG pak entry: [data/mainSprites] len=16 vs searching [gfx/sprites/healthBlock1.png] len=28
DEBUG found match: location=4658809 cSize=99 fSize=99
DEBUG fread result=99 expected=99 ferror=0
DEBUG pak entry: [data/mainSprites] len=16 vs searching [gfx/sprites/healthBlock2.png] len=28
DEBUG found match: location=4658908 cSize=110 fSize=110
DEBUG fread result=110 expected=110 ferror=0
DEBUG pak entry: [data/mainSprites] len=16 vs searching [gfx/sprites/healthBlock3.png] len=28
DEBUG found match: location=4659018 cSize=119 fSize=117
DEBUG fread result=119 expected=119 ferror=0
DEBUG pak entry: [data/mainSprites] len=16 vs searching [gfx/sprites/healthBlock4.png] len=28
DEBUG found match: location=4659137 cSize=113 fSize=112
DEBUG fread result=113 expected=113 ferror=0
DEBUG pak entry: [data/mainSprites] len=16 vs searching [gfx/sprites/healthBlockEmpty.png] len=32
DEBUG found match: location=4659250 cSize=98 fSize=99
DEBUG fread result=98 expected=98 ferror=0
DEBUG pak entry: [data/mainSprites] len=16 vs searching [gfx/sprites/oxygenBlock1.png] len=28
DEBUG found match: location=4683154 cSize=99 fSize=99
DEBUG fread result=99 expected=99 ferror=0
DEBUG pak entry: [data/mainSprites] len=16 vs searching [gfx/sprites/oxygenBlockEmpty.png] len=32
DEBUG found match: location=4683253 cSize=97 fSize=99
DEBUG fread result=97 expected=97 ferror=0
DEBUG pak entry: [data/mainSprites] len=16 vs searching [gfx/sprites/warningBlock.png] len=28
DEBUG found match: location=4731851 cSize=80 fSize=79
DEBUG fread result=80 expected=80 ferror=0
DEBUG pak entry: [data/mainSprites] len=16 vs searching [gfx/sprites/switch1.png] len=23
DEBUG found match: location=4713930 cSize=420 fSize=409
DEBUG fread result=420 expected=420 ferror=0
DEBUG pak entry: [data/mainSprites] len=16 vs searching [gfx/sprites/switch2.png] len=23
DEBUG found match: location=4714350 cSize=586 fSize=575
DEBUG fread result=586 expected=586 ferror=0
DEBUG pak entry: [data/mainSprites] len=16 vs searching [gfx/sprites/pistolIcon.png] len=26
DEBUG found match: location=4683350 cSize=383 fSize=372
DEBUG fread result=383 expected=383 ferror=0
DEBUG pak entry: [data/mainSprites] len=16 vs searching [gfx/sprites/machineGunIcon.png] len=30
DEBUG found match: location=4676585 cSize=390 fSize=379
DEBUG fread result=390 expected=390 ferror=0
DEBUG pak entry: [data/mainSprites] len=16 vs searching [gfx/sprites/grenadeIcon.png] len=27
DEBUG found match: location=4658442 cSize=367 fSize=356
DEBUG fread result=367 expected=367 ferror=0
DEBUG pak entry: [data/mainSprites] len=16 vs searching [gfx/sprites/laserIcon.png] len=25
DEBUG found match: location=4670332 cSize=361 fSize=350
DEBUG fread result=361 expected=361 ferror=0
DEBUG pak entry: [data/mainSprites] len=16 vs searching [gfx/sprites/spreadIcon.png] len=26
DEBUG found match: location=4706166 cSize=386 fSize=375
DEBUG fread result=386 expected=386 ferror=0
DEBUG pak entry: [data/mainSprites] len=16 vs searching [gfx/sprites/eyeDroidLeft1.png] len=29
DEBUG found match: location=4623401 cSize=486 fSize=475
DEBUG fread result=486 expected=486 ferror=0
DEBUG pak entry: [data/mainSprites] len=16 vs searching [gfx/sprites/eyeDroidLeft2.png] len=29
DEBUG found match: location=4623887 cSize=485 fSize=474
DEBUG fread result=485 expected=485 ferror=0
DEBUG pak entry: [data/mainSprites] len=16 vs searching [gfx/sprites/eyeDroidLeft3.png] len=29
DEBUG found match: location=4624372 cSize=484 fSize=473
DEBUG fread result=484 expected=484 ferror=0
DEBUG pak entry: [data/mainSprites] len=16 vs searching [gfx/sprites/eyeDroidLeft4.png] len=29
DEBUG found match: location=4624856 cSize=485 fSize=474
DEBUG fread result=485 expected=485 ferror=0
DEBUG pak entry: [data/mainSprites] len=16 vs searching [gfx/sprites/eyeDroidRight1.png] len=30
DEBUG found match: location=4625341 cSize=485 fSize=474
DEBUG fread result=485 expected=485 ferror=0
DEBUG pak entry: [data/mainSprites] len=16 vs searching [gfx/sprites/eyeDroidRight2.png] len=30
DEBUG found match: location=4625826 cSize=478 fSize=467
DEBUG fread result=478 expected=478 ferror=0
DEBUG pak entry: [data/mainSprites] len=16 vs searching [gfx/sprites/eyeDroidRight3.png] len=30
DEBUG found match: location=4626304 cSize=477 fSize=466
DEBUG fread result=477 expected=477 ferror=0
DEBUG pak entry: [data/mainSprites] len=16 vs searching [gfx/sprites/eyeDroidRight4.png] len=30
DEBUG found match: location=4626781 cSize=478 fSize=467
DEBUG fread result=478 expected=478 ferror=0
DEBUG pak entry: [data/mainSprites] len=16 vs searching [gfx/sprites/eyeDroidDeath.png] len=29
DEBUG found match: location=4622600 cSize=801 fSize=790
DEBUG fread result=801 expected=801 ferror=0
DEBUG pak entry: [data/mainSprites] len=16 vs searching [gfx/sprites/eyeDroid2Left1.png] len=30
DEBUG found match: location=4618736 cSize=493 fSize=482
DEBUG fread result=493 expected=493 ferror=0
DEBUG pak entry: [data/mainSprites] len=16 vs searching [gfx/sprites/eyeDroid2Left2.png] len=30
DEBUG found match: location=4619229 cSize=485 fSize=474
DEBUG fread result=485 expected=485 ferror=0
DEBUG pak entry: [data/mainSprites] len=16 vs searching [gfx/sprites/eyeDroid2Left3.png] len=30
DEBUG found match: location=4619714 cSize=483 fSize=472
DEBUG fread result=483 expected=483 ferror=0
DEBUG pak entry: [data/mainSprites] len=16 vs searching [gfx/sprites/eyeDroid2Left4.png] len=30
DEBUG found match: location=4620197 cSize=486 fSize=475
DEBUG fread result=486 expected=486 ferror=0
DEBUG pak entry: [data/mainSprites] len=16 vs searching [gfx/sprites/eyeDroid2Right1.png] len=31
DEBUG found match: location=4620683 cSize=490 fSize=479
DEBUG fread result=490 expected=490 ferror=0
DEBUG pak entry: [data/mainSprites] len=16 vs searching [gfx/sprites/eyeDroid2Right2.png] len=31
DEBUG found match: location=4621173 cSize=476 fSize=465
DEBUG fread result=476 expected=476 ferror=0
DEBUG pak entry: [data/mainSprites] len=16 vs searching [gfx/sprites/eyeDroid2Right3.png] len=31
DEBUG found match: location=4621649 cSize=475 fSize=464
DEBUG fread result=475 expected=475 ferror=0
DEBUG pak entry: [data/mainSprites] len=16 vs searching [gfx/sprites/eyeDroid2Right4.png] len=31
DEBUG found match: location=4622124 cSize=476 fSize=465
DEBUG fread result=476 expected=476 ferror=0
DEBUG pak entry: [data/mainSprites] len=16 vs searching [gfx/sprites/eyeDroid2Death.png] len=30
DEBUG found match: location=4617971 cSize=765 fSize=754
DEBUG fread result=765 expected=765 ferror=0
DEBUG pak entry: [data/mainSprites] len=16 vs searching [gfx/sprites/eyeDroid2Left1.png] len=30
DEBUG found match: location=4618736 cSize=493 fSize=482
DEBUG fread result=493 expected=493 ferror=0
DEBUG pak entry: [data/mainSprites] len=16 vs searching [gfx/sprites/eyeDroid2Left2.png] len=30
DEBUG found match: location=4619229 cSize=485 fSize=474
DEBUG fread result=485 expected=485 ferror=0
DEBUG pak entry: [data/mainSprites] len=16 vs searching [gfx/sprites/eyeDroid2Left3.png] len=30
DEBUG found match: location=4619714 cSize=483 fSize=472
DEBUG fread result=483 expected=483 ferror=0
DEBUG pak entry: [data/mainSprites] len=16 vs searching [gfx/sprites/eyeDroid2Left4.png] len=30
DEBUG found match: location=4620197 cSize=486 fSize=475
DEBUG fread result=486 expected=486 ferror=0
DEBUG pak entry: [data/mainSprites] len=16 vs searching [gfx/sprites/eyeDroid2Right1.png] len=31
DEBUG found match: location=4620683 cSize=490 fSize=479
DEBUG fread result=490 expected=490 ferror=0
DEBUG pak entry: [data/mainSprites] len=16 vs searching [gfx/sprites/eyeDroid2Right2.png] len=31
DEBUG found match: location=4621173 cSize=476 fSize=465
DEBUG fread result=476 expected=476 ferror=0
DEBUG pak entry: [data/mainSprites] len=16 vs searching [gfx/sprites/eyeDroid2Right3.png] len=31
DEBUG found match: location=4621649 cSize=475 fSize=464
DEBUG fread result=475 expected=475 ferror=0
DEBUG pak entry: [data/mainSprites] len=16 vs searching [gfx/sprites/eyeDroid2Right4.png] len=31
DEBUG found match: location=4622124 cSize=476 fSize=465
DEBUG fread result=476 expected=476 ferror=0
DEBUG pak entry: [data/mainSprites] len=16 vs searching [gfx/sprites/eyeDroid2Death.png] len=30
DEBUG found match: location=4617971 cSize=765 fSize=754
DEBUG fread result=765 expected=765 ferror=0
DEBUG pak entry: [data/mainSprites] len=16 vs searching [gfx/sprites/eyeDroid2Left1.png] len=30
DEBUG found match: location=4618736 cSize=493 fSize=482
DEBUG fread result=493 expected=493 ferror=0
DEBUG pak entry: [data/mainSprites] len=16 vs searching [gfx/sprites/eyeDroid2Left2.png] len=30
DEBUG found match: location=4619229 cSize=485 fSize=474
DEBUG fread result=485 expected=485 ferror=0
DEBUG pak entry: [data/mainSprites] len=16 vs searching [gfx/sprites/eyeDroid2Left3.png] len=30
DEBUG found match: location=4619714 cSize=483 fSize=472
DEBUG fread result=483 expected=483 ferror=0
DEBUG pak entry: [data/mainSprites] len=16 vs searching [gfx/sprites/eyeDroid2Left4.png] len=30
DEBUG found match: location=4620197 cSize=486 fSize=475
DEBUG fread result=486 expected=486 ferror=0
DEBUG pak entry: [data/mainSprites] len=16 vs searching [gfx/sprites/eyeDroid2Right1.png] len=31
DEBUG found match: location=4620683 cSize=490 fSize=479
DEBUG fread result=490 expected=490 ferror=0
DEBUG pak entry: [data/mainSprites] len=16 vs searching [gfx/sprites/eyeDroid2Right2.png] len=31
DEBUG found match: location=4621173 cSize=476 fSize=465
DEBUG fread result=476 expected=476 ferror=0
DEBUG pak entry: [data/mainSprites] len=16 vs searching [gfx/sprites/eyeDroid2Right3.png] len=31
DEBUG found match: location=4621649 cSize=475 fSize=464
DEBUG fread result=475 expected=475 ferror=0
DEBUG pak entry: [data/mainSprites] len=16 vs searching [gfx/sprites/eyeDroid2Right4.png] len=31
DEBUG found match: location=4622124 cSize=476 fSize=465
DEBUG fread result=476 expected=476 ferror=0
DEBUG pak entry: [data/mainSprites] len=16 vs searching [gfx/sprites/eyeDroid2Death.png] len=30
DEBUG found match: location=4617971 cSize=765 fSize=754
DEBUG fread result=765 expected=765 ferror=0
DEBUG pak entry: [data/mainSprites] len=16 vs searching [gfx/sprites/spiderBlobRight1.png] len=32
DEBUG found match: location=4701998 cSize=486 fSize=475
DEBUG fread result=486 expected=486 ferror=0
DEBUG pak entry: [data/mainSprites] len=16 vs searching [gfx/sprites/spiderBlobRight2.png] len=32
DEBUG found match: location=4702484 cSize=487 fSize=476
DEBUG fread result=487 expected=487 ferror=0
DEBUG pak entry: [data/mainSprites] len=16 vs searching [gfx/sprites/spiderBlobRight3.png] len=32
DEBUG found match: location=4702971 cSize=482 fSize=473
DEBUG fread result=482 expected=482 ferror=0
DEBUG pak entry: [data/mainSprites] len=16 vs searching [gfx/sprites/spiderBlobRight2.png] len=32
DEBUG found match: location=4702484 cSize=487 fSize=476
DEBUG fread result=487 expected=487 ferror=0
DEBUG pak entry: [data/mainSprites] len=16 vs searching [gfx/sprites/spiderBlobLeft1.png] len=31
DEBUG found match: location=4700539 cSize=490 fSize=479
DEBUG fread result=490 expected=490 ferror=0
DEBUG pak entry: [data/mainSprites] len=16 vs searching [gfx/sprites/spiderBlobLeft2.png] len=31
DEBUG found match: location=4701029 cSize=486 fSize=475
DEBUG fread result=486 expected=486 ferror=0
DEBUG pak entry: [data/mainSprites] len=16 vs searching [gfx/sprites/spiderBlobLeft3.png] len=31
DEBUG found match: location=4701515 cSize=483 fSize=472
DEBUG fread result=483 expected=483 ferror=0
DEBUG pak entry: [data/mainSprites] len=16 vs searching [gfx/sprites/spiderBlobLeft2.png] len=31
DEBUG found match: location=4701029 cSize=486 fSize=475
DEBUG fread result=486 expected=486 ferror=0
DEBUG pak entry: [data/mainSprites] len=16 vs searching [gfx/sprites/spiderBlobRight1.png] len=32
DEBUG found match: location=4701998 cSize=486 fSize=475
DEBUG fread result=486 expected=486 ferror=0
DEBUG pak entry: [data/mainSprites] len=16 vs searching [gfx/sprites/spiderBlobSpin1.png] len=31
DEBUG found match: location=4703931 cSize=483 fSize=472
DEBUG fread result=483 expected=483 ferror=0
DEBUG pak entry: [data/mainSprites] len=16 vs searching [gfx/sprites/spiderBlobSpin2.png] len=31
DEBUG found match: location=4704414 cSize=485 fSize=474
DEBUG fread result=485 expected=485 ferror=0
DEBUG pak entry: [data/mainSprites] len=16 vs searching [gfx/sprites/spiderBlobSpin3.png] len=31
DEBUG found match: location=4704899 cSize=487 fSize=476
DEBUG fread result=487 expected=487 ferror=0
DEBUG pak entry: [data/mainSprites] len=16 vs searching [gfx/sprites/spiderBlobRight1.png] len=32
DEBUG found match: location=4701998 cSize=486 fSize=475
DEBUG fread result=486 expected=486 ferror=0
DEBUG pak entry: [data/mainSprites] len=16 vs searching [gfx/sprites/spiderBlobRight2.png] len=32
DEBUG found match: location=4702484 cSize=487 fSize=476
DEBUG fread result=487 expected=487 ferror=0
DEBUG pak entry: [data/mainSprites] len=16 vs searching [gfx/sprites/spiderBlobRight3.png] len=32
DEBUG found match: location=4702971 cSize=482 fSize=473
DEBUG fread result=482 expected=482 ferror=0
DEBUG pak entry: [data/mainSprites] len=16 vs searching [gfx/sprites/spiderBlobRight2.png] len=32
DEBUG found match: location=4702484 cSize=487 fSize=476
DEBUG fread result=487 expected=487 ferror=0
DEBUG pak entry: [data/mainSprites] len=16 vs searching [gfx/sprites/spiderBlobLeft1.png] len=31
DEBUG found match: location=4700539 cSize=490 fSize=479
DEBUG fread result=490 expected=490 ferror=0
DEBUG pak entry: [data/mainSprites] len=16 vs searching [gfx/sprites/spiderBlobLeft2.png] len=31
DEBUG found match: location=4701029 cSize=486 fSize=475
DEBUG fread result=486 expected=486 ferror=0
DEBUG pak entry: [data/mainSprites] len=16 vs searching [gfx/sprites/spiderBlobLeft3.png] len=31
DEBUG found match: location=4701515 cSize=483 fSize=472
DEBUG fread result=483 expected=483 ferror=0
DEBUG pak entry: [data/mainSprites] len=16 vs searching [gfx/sprites/spiderBlobLeft2.png] len=31
DEBUG found match: location=4701029 cSize=486 fSize=475
DEBUG fread result=486 expected=486 ferror=0
DEBUG pak entry: [data/mainSprites] len=16 vs searching [gfx/sprites/spiderBlobRight1.png] len=32
DEBUG found match: location=4701998 cSize=486 fSize=475
DEBUG fread result=486 expected=486 ferror=0
DEBUG pak entry: [data/mainSprites] len=16 vs searching [gfx/sprites/spiderBlobSpin1.png] len=31
DEBUG found match: location=4703931 cSize=483 fSize=472
DEBUG fread result=483 expected=483 ferror=0
DEBUG pak entry: [data/mainSprites] len=16 vs searching [gfx/sprites/spiderBlobSpin2.png] len=31
DEBUG found match: location=4704414 cSize=485 fSize=474
DEBUG fread result=485 expected=485 ferror=0
DEBUG pak entry: [data/mainSprites] len=16 vs searching [gfx/sprites/spiderBlobSpin3.png] len=31
DEBUG found match: location=4704899 cSize=487 fSize=476
DEBUG fread result=487 expected=487 ferror=0
DEBUG pak entry: [data/mainSprites] len=16 vs searching [gfx/sprites/spiderBlobRight1.png] len=32
DEBUG found match: location=4701998 cSize=486 fSize=475
DEBUG fread result=486 expected=486 ferror=0
DEBUG pak entry: [data/mainSprites] len=16 vs searching [gfx/sprites/spiderBlobRight2.png] len=32
DEBUG found match: location=4702484 cSize=487 fSize=476
DEBUG fread result=487 expected=487 ferror=0
DEBUG pak entry: [data/mainSprites] len=16 vs searching [gfx/sprites/spiderBlobRight3.png] len=32
DEBUG found match: location=4702971 cSize=482 fSize=473
DEBUG fread result=482 expected=482 ferror=0
DEBUG pak entry: [data/mainSprites] len=16 vs searching [gfx/sprites/spiderBlobRight2.png] len=32
DEBUG found match: location=4702484 cSize=487 fSize=476
DEBUG fread result=487 expected=487 ferror=0
DEBUG pak entry: [data/mainSprites] len=16 vs searching [gfx/sprites/spiderBlobLeft1.png] len=31
DEBUG found match: location=4700539 cSize=490 fSize=479
DEBUG fread result=490 expected=490 ferror=0
DEBUG pak entry: [data/mainSprites] len=16 vs searching [gfx/sprites/spiderBlobLeft2.png] len=31
DEBUG found match: location=4701029 cSize=486 fSize=475
DEBUG fread result=486 expected=486 ferror=0
DEBUG pak entry: [data/mainSprites] len=16 vs searching [gfx/sprites/spiderBlobLeft3.png] len=31
DEBUG found match: location=4701515 cSize=483 fSize=472
DEBUG fread result=483 expected=483 ferror=0
DEBUG pak entry: [data/mainSprites] len=16 vs searching [gfx/sprites/spiderBlobLeft2.png] len=31
DEBUG found match: location=4701029 cSize=486 fSize=475
DEBUG fread result=486 expected=486 ferror=0
DEBUG pak entry: [data/mainSprites] len=16 vs searching [gfx/sprites/spiderBlobRight1.png] len=32
DEBUG found match: location=4701998 cSize=486 fSize=475
DEBUG fread result=486 expected=486 ferror=0
DEBUG pak entry: [data/mainSprites] len=16 vs searching [gfx/sprites/spiderBlobSpin1.png] len=31
DEBUG found match: location=4703931 cSize=483 fSize=472
DEBUG fread result=483 expected=483 ferror=0
DEBUG pak entry: [data/mainSprites] len=16 vs searching [gfx/sprites/spiderBlobSpin2.png] len=31
DEBUG found match: location=4704414 cSize=485 fSize=474
DEBUG fread result=485 expected=485 ferror=0
DEBUG pak entry: [data/mainSprites] len=16 vs searching [gfx/sprites/spiderBlobSpin3.png] len=31
DEBUG found match: location=4704899 cSize=487 fSize=476
DEBUG fread result=487 expected=487 ferror=0
DEBUG pak entry: [data/mainSprites] len=16 vs searching [gfx/sprites/spiderBlobRight1.png] len=32
DEBUG found match: location=4701998 cSize=486 fSize=475
DEBUG fread result=486 expected=486 ferror=0
DEBUG pak entry: [data/mainSprites] len=16 vs searching [gfx/sprites/spiderBlobRight2.png] len=32
DEBUG found match: location=4702484 cSize=487 fSize=476
DEBUG fread result=487 expected=487 ferror=0
DEBUG pak entry: [data/mainSprites] len=16 vs searching [gfx/sprites/spiderBlobRight3.png] len=32
DEBUG found match: location=4702971 cSize=482 fSize=473
DEBUG fread result=482 expected=482 ferror=0
DEBUG pak entry: [data/mainSprites] len=16 vs searching [gfx/sprites/spiderBlobRight2.png] len=32
DEBUG found match: location=4702484 cSize=487 fSize=476
DEBUG fread result=487 expected=487 ferror=0
DEBUG pak entry: [data/mainSprites] len=16 vs searching [gfx/sprites/spiderBlobLeft1.png] len=31
DEBUG found match: location=4700539 cSize=490 fSize=479
DEBUG fread result=490 expected=490 ferror=0
DEBUG pak entry: [data/mainSprites] len=16 vs searching [gfx/sprites/spiderBlobLeft2.png] len=31
DEBUG found match: location=4701029 cSize=486 fSize=475
DEBUG fread result=486 expected=486 ferror=0
DEBUG pak entry: [data/mainSprites] len=16 vs searching [gfx/sprites/spiderBlobLeft3.png] len=31
DEBUG found match: location=4701515 cSize=483 fSize=472
DEBUG fread result=483 expected=483 ferror=0
DEBUG pak entry: [data/mainSprites] len=16 vs searching [gfx/sprites/spiderBlobLeft2.png] len=31
DEBUG found match: location=4701029 cSize=486 fSize=475
DEBUG fread result=486 expected=486 ferror=0
DEBUG pak entry: [data/mainSprites] len=16 vs searching [gfx/sprites/spiderBlobRight1.png] len=32
DEBUG found match: location=4701998 cSize=486 fSize=475
DEBUG fread result=486 expected=486 ferror=0
DEBUG pak entry: [data/mainSprites] len=16 vs searching [gfx/sprites/spiderBlobSpin1.png] len=31
DEBUG found match: location=4703931 cSize=483 fSize=472
DEBUG fread result=483 expected=483 ferror=0
DEBUG pak entry: [data/mainSprites] len=16 vs searching [gfx/sprites/spiderBlobSpin2.png] len=31
DEBUG found match: location=4704414 cSize=485 fSize=474
DEBUG fread result=485 expected=485 ferror=0
DEBUG pak entry: [data/mainSprites] len=16 vs searching [gfx/sprites/spiderBlobSpin3.png] len=31
DEBUG found match: location=4704899 cSize=487 fSize=476
DEBUG fread result=487 expected=487 ferror=0
DEBUG pak entry: [data/mainSprites] len=16 vs searching [gfx/sprites/plasmaBolt1.png] len=27
DEBUG found match: location=4683733 cSize=105 fSize=106
DEBUG fread result=105 expected=105 ferror=0
DEBUG pak entry: [data/mainSprites] len=16 vs searching [gfx/sprites/plasmaBolt2.png] len=27
DEBUG found match: location=4683838 cSize=109 fSize=110
DEBUG fread result=109 expected=109 ferror=0
DEBUG pak entry: [data/mainSprites] len=16 vs searching [gfx/sprites/plasmaBolt3.png] len=27
DEBUG found match: location=4683947 cSize=107 fSize=108
DEBUG fread result=107 expected=107 ferror=0
DEBUG pak entry: [data/mainSprites] len=16 vs searching [gfx/sprites/plasmaBolt4.png] len=27
DEBUG found match: location=4684054 cSize=107 fSize=108
DEBUG fread result=107 expected=107 ferror=0
DEBUG pak entry: [data/mainSprites] len=16 vs searching [gfx/sprites/laserBolt1.png] len=26
DEBUG found match: location=4670233 cSize=99 fSize=99
DEBUG fread result=99 expected=99 ferror=0
DEBUG pak entry: [data/mainSprites] len=16 vs searching [gfx/sprites/laserBolt1.png] len=26
DEBUG found match: location=4670233 cSize=99 fSize=99
DEBUG fread result=99 expected=99 ferror=0
DEBUG pak entry: [data/mainSprites] len=16 vs searching [gfx/sprites/bubble.png] len=22
DEBUG found match: location=4593401 cSize=86 fSize=85
DEBUG fread result=86 expected=86 ferror=0
DEBUG pak entry: [data/mainSprites] len=16 vs searching [gfx/sprites/bomb.png] len=20
DEBUG found match: location=4592613 cSize=158 fSize=155
DEBUG fread result=158 expected=158 ferror=0
DEBUG pak entry: [data/mainSprites] len=16 vs searching [gfx/sprites/diamond.png] len=23
DEBUG found match: location=4599953 cSize=135 fSize=136
DEBUG fread result=135 expected=135 ferror=0
DEBUG pak entry: [data/mainSprites] len=16 vs searching [gfx/sprites/diamond.png] len=23
DEBUG found match: location=4599953 cSize=135 fSize=136
DEBUG fread result=135 expected=135 ferror=0
DEBUG pak entry: [data/mainSprites] len=16 vs searching [gfx/sprites/diamond.png] len=23
DEBUG found match: location=4599953 cSize=135 fSize=136
DEBUG fread result=135 expected=135 ferror=0
DEBUG pak entry: [data/mainSprites] len=16 vs searching [gfx/sprites/diamond.png] len=23
DEBUG found match: location=4599953 cSize=135 fSize=136
DEBUG fread result=135 expected=135 ferror=0
DEBUG pak entry: [data/mainSprites] len=16 vs searching [gfx/sprites/diamond.png] len=23
DEBUG found match: location=4599953 cSize=135 fSize=136
DEBUG fread result=135 expected=135 ferror=0
DEBUG pak entry: [data/mainSprites] len=16 vs searching [gfx/sprites/bubble.png] len=22
DEBUG found match: location=4593401 cSize=86 fSize=85
DEBUG fread result=86 expected=86 ferror=0
DEBUG pak entry: [data/mainSprites] len=16 vs searching [gfx/sprites/stalagtite.png] len=26
DEBUG found match: location=4708835 cSize=1547 fSize=1536
DEBUG fread result=1547 expected=1547 ferror=0
DEBUG pak entry: [data/mainSprites] len=16 vs searching [gfx/sprites/stalagPiece1.png] len=28
DEBUG found match: location=4706552 cSize=592 fSize=581
DEBUG fread result=592 expected=592 ferror=0
DEBUG pak entry: [data/mainSprites] len=16 vs searching [gfx/sprites/stalagPiece2.png] len=28
DEBUG found match: location=4707144 cSize=551 fSize=540
DEBUG fread result=551 expected=551 ferror=0
DEBUG pak entry: [data/mainSprites] len=16 vs searching [gfx/sprites/stalagPiece3.png] len=28
DEBUG found match: location=4707695 cSize=564 fSize=553
DEBUG fread result=564 expected=564 ferror=0
DEBUG pak entry: [data/mainSprites] len=16 vs searching [gfx/sprites/stalagPiece4.png] len=28
DEBUG found match: location=4708259 cSize=576 fSize=565
DEBUG fread result=576 expected=576 ferror=0
DEBUG pak entry: [data/mainSprites] len=16 vs searching [gfx/sprites/miaSignal1.png] len=26
DEBUG found match: location=4678561 cSize=89 fSize=90
DEBUG fread result=89 expected=89 ferror=0
DEBUG pak entry: [data/mainSprites] len=16 vs searching [gfx/sprites/miaSignal2.png] len=26
DEBUG found match: location=4678650 cSize=98 fSize=99
DEBUG fread result=98 expected=98 ferror=0
DEBUG pak entry: [data/mainSprites] len=16 vs searching [gfx/sprites/miaSignal3.png] len=26
DEBUG found match: location=4678748 cSize=106 fSize=106
DEBUG fread result=106 expected=106 ferror=0
DEBUG pak entry: [data/mainSprites] len=16 vs searching [gfx/sprites/miaSignal4.png] len=26
DEBUG found match: location=4678854 cSize=106 fSize=106
DEBUG fread result=106 expected=106 ferror=0
DEBUG pak entry: [data/mainSprites] len=16 vs searching [gfx/sprites/miaSignal5.png] len=26
DEBUG found match: location=4678960 cSize=101 fSize=102
DEBUG fread result=101 expected=101 ferror=0
DEBUG pak entry: [data/mainSprites] len=16 vs searching [gfx/sprites/miaSignal6.png] len=26
DEBUG found match: location=4679061 cSize=81 fSize=82
DEBUG fread result=81 expected=81 ferror=0
DEBUG pak entry: [data/mainSprites] len=16 vs searching [gfx/sprites/miaSignal1.png] len=26
DEBUG found match: location=4678561 cSize=89 fSize=90
DEBUG fread result=89 expected=89 ferror=0
DEBUG pak entry: [data/mainSprites] len=16 vs searching [gfx/sprites/miaSignal2.png] len=26
DEBUG found match: location=4678650 cSize=98 fSize=99
DEBUG fread result=98 expected=98 ferror=0
DEBUG pak entry: [data/mainSprites] len=16 vs searching [gfx/sprites/miaSignal3.png] len=26
DEBUG found match: location=4678748 cSize=106 fSize=106
DEBUG fread result=106 expected=106 ferror=0
DEBUG pak entry: [data/mainSprites] len=16 vs searching [gfx/sprites/miaSignal4.png] len=26
DEBUG found match: location=4678854 cSize=106 fSize=106
DEBUG fread result=106 expected=106 ferror=0
DEBUG pak entry: [data/mainSprites] len=16 vs searching [gfx/sprites/miaSignal5.png] len=26
DEBUG found match: location=4678960 cSize=101 fSize=102
DEBUG fread result=101 expected=101 ferror=0
DEBUG pak entry: [data/mainSprites] len=16 vs searching [gfx/sprites/miaSignal6.png] len=26
DEBUG found match: location=4679061 cSize=81 fSize=82
DEBUG fread result=81 expected=81 ferror=0
DEBUG pak entry: [data/mainSprites] len=16 vs searching [gfx/sprites/miaSignal1.png] len=26
DEBUG found match: location=4678561 cSize=89 fSize=90
DEBUG fread result=89 expected=89 ferror=0
DEBUG pak entry: [data/mainSprites] len=16 vs searching [gfx/sprites/miaSignal2.png] len=26
DEBUG found match: location=4678650 cSize=98 fSize=99
DEBUG fread result=98 expected=98 ferror=0
DEBUG pak entry: [data/mainSprites] len=16 vs searching [gfx/sprites/miaSignal3.png] len=26
DEBUG found match: location=4678748 cSize=106 fSize=106
DEBUG fread result=106 expected=106 ferror=0
DEBUG pak entry: [data/mainSprites] len=16 vs searching [gfx/sprites/miaSignal4.png] len=26
DEBUG found match: location=4678854 cSize=106 fSize=106
DEBUG fread result=106 expected=106 ferror=0
DEBUG pak entry: [data/mainSprites] len=16 vs searching [gfx/sprites/miaSignal5.png] len=26
DEBUG found match: location=4678960 cSize=101 fSize=102
DEBUG fread result=101 expected=101 ferror=0
DEBUG pak entry: [data/mainSprites] len=16 vs searching [gfx/sprites/miaSignal6.png] len=26
DEBUG found match: location=4679061 cSize=81 fSize=82
DEBUG fread result=81 expected=81 ferror=0
DEBUG pak entry: [data/mainSprites] len=16 vs searching [gfx/sprites/miaSignal1.png] len=26
DEBUG found match: location=4678561 cSize=89 fSize=90
DEBUG fread result=89 expected=89 ferror=0
DEBUG pak entry: [data/mainSprites] len=16 vs searching [gfx/sprites/miaSignal2.png] len=26
DEBUG found match: location=4678650 cSize=98 fSize=99
DEBUG fread result=98 expected=98 ferror=0
DEBUG pak entry: [data/mainSprites] len=16 vs searching [gfx/sprites/miaSignal3.png] len=26
DEBUG found match: location=4678748 cSize=106 fSize=106
DEBUG fread result=106 expected=106 ferror=0
DEBUG pak entry: [data/mainSprites] len=16 vs searching [gfx/sprites/miaSignal4.png] len=26
DEBUG found match: location=4678854 cSize=106 fSize=106
DEBUG fread result=106 expected=106 ferror=0
DEBUG pak entry: [data/mainSprites] len=16 vs searching [gfx/sprites/miaSignal5.png] len=26
DEBUG found match: location=4678960 cSize=101 fSize=102
DEBUG fread result=101 expected=101 ferror=0
DEBUG pak entry: [data/mainSprites] len=16 vs searching [gfx/sprites/miaSignal6.png] len=26
DEBUG found match: location=4679061 cSize=81 fSize=82
DEBUG fread result=81 expected=81 ferror=0
DEBUG pak entry: [data/mainSprites] len=16 vs searching [gfx/sprites/scannerArrowUp.png] len=30
DEBUG found match: location=4698008 cSize=129 fSize=128
DEBUG fread result=129 expected=129 ferror=0
DEBUG pak entry: [data/mainSprites] len=16 vs searching [gfx/sprites/scannerArrowRight.png] len=33
DEBUG found match: location=4697876 cSize=132 fSize=130
DEBUG fread result=132 expected=132 ferror=0
DEBUG pak entry: [data/mainSprites] len=16 vs searching [gfx/sprites/scannerArrowDown.png] len=32
DEBUG found match: location=4697610 cSize=131 fSize=129
DEBUG fread result=131 expected=131 ferror=0
DEBUG pak entry: [data/mainSprites] len=16 vs searching [gfx/sprites/scannerArrowLeft.png] len=32
DEBUG found match: location=4697741 cSize=135 fSize=133
DEBUG fread result=135 expected=135 ferror=0
DEBUG pak entry: [data/mainSprites] len=16 vs searching [gfx/sprites/scannerArrowUp.png] len=30
DEBUG found match: location=4698008 cSize=129 fSize=128
DEBUG fread result=129 expected=129 ferror=0
DEBUG pak entry: [data/mainSprites] len=16 vs searching [gfx/sprites/scannerArrowRight.png] len=33
DEBUG found match: location=4697876 cSize=132 fSize=130
DEBUG fread result=132 expected=132 ferror=0
DEBUG pak entry: [data/mainSprites] len=16 vs searching [gfx/sprites/scannerArrowDown.png] len=32
DEBUG found match: location=4697610 cSize=131 fSize=129
DEBUG fread result=131 expected=131 ferror=0
DEBUG pak entry: [data/mainSprites] len=16 vs searching [gfx/sprites/scannerArrowLeft.png] len=32
DEBUG found match: location=4697741 cSize=135 fSize=133
DEBUG fread result=135 expected=135 ferror=0
DEBUG pak entry: [data/mainSprites] len=16 vs searching [gfx/sprites/scannerArrowUp.png] len=30
DEBUG found match: location=4698008 cSize=129 fSize=128
DEBUG fread result=129 expected=129 ferror=0
DEBUG pak entry: [data/mainSprites] len=16 vs searching [gfx/sprites/scannerArrowRight.png] len=33
DEBUG found match: location=4697876 cSize=132 fSize=130
DEBUG fread result=132 expected=132 ferror=0
DEBUG pak entry: [data/mainSprites] len=16 vs searching [gfx/sprites/scannerArrowDown.png] len=32
DEBUG found match: location=4697610 cSize=131 fSize=129
DEBUG fread result=131 expected=131 ferror=0
DEBUG pak entry: [data/mainSprites] len=16 vs searching [gfx/sprites/scannerArrowLeft.png] len=32
DEBUG found match: location=4697741 cSize=135 fSize=133
DEBUG fread result=135 expected=135 ferror=0
DEBUG pak entry: [data/mainSprites] len=16 vs searching [sound/waterIn] len=13
DEBUG found match: location=5969661 cSize=20351 fSize=32170
DEBUG fread result=20351 expected=20351 ferror=0
DEBUG pak entry: [data/mainSprites] len=16 vs searching [sound/waterOut] len=14
DEBUG found match: location=5990012 cSize=21189 fSize=31986
DEBUG fread result=21189 expected=21189 ferror=0
DEBUG pak entry: [data/mainSprites] len=16 vs searching [sound/item] len=10
DEBUG found match: location=5570731 cSize=23152 fSize=47257
DEBUG fread result=23152 expected=23152 ferror=0
DEBUG pak entry: [data/mainSprites] len=16 vs searching [sound/pistol] len=12
DEBUG found match: location=5675118 cSize=6468 fSize=10172
DEBUG fread result=6468 expected=6468 ferror=0
DEBUG pak entry: [data/mainSprites] len=16 vs searching [sound/rico1] len=11
DEBUG found match: location=5733881 cSize=23227 fSize=33208
DEBUG fread result=23227 expected=23227 ferror=0
DEBUG pak entry: [data/mainSprites] len=16 vs searching [sound/rico2] len=11
DEBUG found match: location=5757108 cSize=5584 fSize=6665
DEBUG fread result=5584 expected=5584 ferror=0
DEBUG pak entry: [data/mainSprites] len=16 vs searching [sound/machinegun] len=16
DEBUG found match: location=5667855 cSize=5624 fSize=7258
DEBUG fread result=5624 expected=5624 ferror=0
DEBUG pak entry: [data/mainSprites] len=16 vs searching [sound/death1] len=12
DEBUG found match: location=5096972 cSize=18976 fSize=33185
DEBUG fread result=18976 expected=18976 ferror=0
DEBUG pak entry: [data/mainSprites] len=16 vs searching [sound/death2] len=12
DEBUG found match: location=5115948 cSize=9624 fSize=15245
DEBUG fread result=9624 expected=9624 ferror=0
DEBUG pak entry: [data/mainSprites] len=16 vs searching [sound/death3] len=12
DEBUG found match: location=5125572 cSize=9646 fSize=15245
DEBUG fread result=9646 expected=9646 ferror=0
DEBUG pak entry: [data/mainSprites] len=16 vs searching [sound/grenade] len=13
DEBUG found match: location=5538052 cSize=26037 fSize=55996
DEBUG fread result=26037 expected=26037 ferror=0
DEBUG pak entry: [data/mainSprites] len=16 vs searching [sound/rocket] len=12
DEBUG found match: location=5762692 cSize=24963 fSize=34125
DEBUG fread result=24963 expected=24963 ferror=0
DEBUG pak entry: [data/mainSprites] len=16 vs searching [sound/fireball] len=14
DEBUG found match: location=5432923 cSize=20551 fSize=33113
DEBUG fread result=20551 expected=20551 ferror=0
DEBUG pak entry: [data/mainSprites] len=16 vs searching [sound/punch] len=11
DEBUG found match: location=5698298 cSize=5520 fSize=10239
DEBUG fread result=5520 expected=5520 ferror=0
DEBUG pak entry: [data/mainSprites] len=16 vs searching [sound/splat] len=11
DEBUG found match: location=5809467 cSize=3539 fSize=9964
DEBUG fread result=3539 expected=3539 ferror=0
DEBUG pak entry: [data/mainSprites] len=16 vs searching [sound/pop1] len=10
DEBUG found match: location=5696358 cSize=1940 fSize=3578
DEBUG fread result=1940 expected=1940 ferror=0
DEBUG pak entry: [data/mainSprites] len=16 vs searching [sound/teleport1] len=15
DEBUG found match: location=5891416 cSize=32206 fSize=33235
DEBUG fread result=32206 expected=32206 ferror=0
DEBUG pak entry: [data/mainSprites] len=16 vs searching [sound/teleport2] len=15
DEBUG found match: location=5923622 cSize=31678 fSize=36274
DEBUG fread result=31678 expected=31678 ferror=0
DEBUG pak entry: [data/mainSprites] len=16 vs searching [sound/teleport3] len=15
DEBUG found match: location=5955300 cSize=10932 fSize=14238
DEBUG fread result=10932 expected=10932 ferror=0
DEBUG pak entry: [data/mainSprites] len=16 vs searching [sound/weaponPickup] len=18
DEBUG found match: location=6011201 cSize=3740 fSize=5850
DEBUG fread result=3740 expected=3740 ferror=0
DEBUG pak entry: [data/mainSprites] len=16 vs searching [sound/laser] len=11
DEBUG found match: location=5593883 cSize=9758 fSize=11953
DEBUG fread result=9758 expected=9758 ferror=0
DEBUG pak entry: [data/mainSprites] len=16 vs searching [sound/elecDeath1] len=16
DEBUG found match: location=5309836 cSize=6261 fSize=9481
DEBUG fread result=6261 expected=6261 ferror=0
DEBUG pak entry: [data/mainSprites] len=16 vs searching [sound/elecDeath2] len=16
DEBUG found match: location=5316097 cSize=7548 fSize=11655
DEBUG fread result=7548 expected=7548 ferror=0
DEBUG pak entry: [data/mainSprites] len=16 vs searching [sound/elecDeath3] len=16
DEBUG found match: location=5323645 cSize=9854 fSize=15851
DEBUG fread result=9854 expected=9854 ferror=0
DEBUG pak entry: [data/mainSprites] len=16 vs searching [sound/doorLocked] len=16
DEBUG found match: location=5135218 cSize=21497 fSize=38589
DEBUG fread result=21497 expected=21497 ferror=0
DEBUG pak entry: [data/mainSprites] len=16 vs searching [sound/doorOpen] len=14
DEBUG found match: location=5156715 cSize=35830 fSize=99371
DEBUG fread result=35830 expected=35830 ferror=0
DEBUG pak entry: [data/mainSprites] len=16 vs searching [sound/doorOpened] len=16
DEBUG found match: location=5192545 cSize=16239 fSize=50962
DEBUG fread result=16239 expected=16239 ferror=0
DEBUG pak entry: [data/mainSprites] len=16 vs searching [sound/switch] len=12
DEBUG found match: location=5823779 cSize=3679 fSize=6340
DEBUG fread result=3679 expected=3679 ferror=0
DEBUG pak entry: [data/mainSprites] len=16 vs searching [sound/switch] len=12
DEBUG found match: location=5823779 cSize=3679 fSize=6340
DEBUG fread result=3679 expected=3679 ferror=0
DEBUG pak entry: [data/mainSprites] len=16 vs searching [sound/drowning] len=14
DEBUG found match: location=5294524 cSize=11503 fSize=32359
DEBUG fread result=11503 expected=11503 ferror=0
DEBUG pak entry: [data/mainSprites] len=16 vs searching [sound/gulp] len=10
DEBUG found match: location=5568390 cSize=2341 fSize=7579
DEBUG fread result=2341 expected=2341 ferror=0
DEBUG pak entry: [data/mainSprites] len=16 vs searching [sound/eat] len=9
DEBUG found match: location=5306027 cSize=3809 fSize=8578
DEBUG fread result=3809 expected=3809 ferror=0
DEBUG pak entry: [data/mainSprites] len=16 vs searching [sound/throw] len=11
DEBUG found match: location=5966232 cSize=3429 fSize=4617
DEBUG fread result=3429 expected=3429 ferror=0
DEBUG pak entry: [data/mainSprites] len=16 vs searching [sound/grenadeBounce] len=19
DEBUG found match: location=5564089 cSize=4301 fSize=13208
DEBUG fread result=4301 expected=4301 ferror=0
DEBUG pak entry: [data/mainSprites] len=16 vs searching [sound/plasma] len=12
DEBUG found match: location=5681586 cSize=14772 fSize=21315
DEBUG fread result=14772 expected=14772 ferror=0
DEBUG pak entry: [data/mainSprites] len=16 vs searching [sound/stoneBreak] len=16
DEBUG found match: location=5813006 cSize=10773 fSize=11538
DEBUG fread result=10773 expected=10773 ferror=0
DEBUG pak entry: [data/mainSprites] len=16 vs searching [sound/electricity1] len=18
DEBUG found match: location=5333499 cSize=9070 fSize=9627
DEBUG fread result=9070 expected=9070 ferror=0
DEBUG pak entry: [data/mainSprites] len=16 vs searching [sound/electricity2] len=18
DEBUG found match: location=5342569 cSize=81358 fSize=103797
DEBUG fread result=81358 expected=81358 ferror=0
DEBUG pak entry: [data/mainSprites] len=16 vs searching [sound/electricity3] len=18
DEBUG found match: location=5423927 cSize=8939 fSize=22434
DEBUG fread result=8939 expected=8939 ferror=0
DEBUG pak entry: [data/mainSprites] len=16 vs searching [sound/clang] len=11
DEBUG found match: location=5022988 cSize=8020 fSize=8606
DEBUG fread result=8020 expected=8020 ferror=0
DEBUG pak entry: [data/mainSprites] len=16 vs searching [sound/fireCrackle] len=17
DEBUG found match: location=5453474 cSize=9053 fSize=17627
DEBUG fread result=9053 expected=9053 ferror=0
DEBUG pak entry: [data/mainSprites] len=16 vs searching [sound/clock] len=11
DEBUG found match: location=5031008 cSize=3145 fSize=6400
DEBUG fread result=3145 expected=3145 ferror=0
DEBUG pak entry: [data/mainSprites] len=16 vs searching [data/weapons] len=12
DEBUG found match: location=991653 cSize=570 fSize=1702
DEBUG fread result=570 expected=570 ferror=0
DEBUG found match: location=128085 cSize=407 fSize=1551
DEBUG fread result=407 expected=407 ferror=0
DEBUG found match: location=129370 cSize=225 fSize=441
DEBUG fread result=225 expected=225 ferror=0
DEBUG loadImage: filename=[gfx/common/1.png]
DEBUG pak entry: [data/mainSprites] len=16 vs searching [gfx/common/1.png] len=16
DEBUG found match: location=1980671 cSize=94 fSize=96
DEBUG fread result=94 expected=94 ferror=0
DEBUG loadImage: filename=[gfx/common/2.png]
DEBUG pak entry: [data/mainSprites] len=16 vs searching [gfx/common/2.png] len=16
DEBUG found match: location=1982041 cSize=1316 fSize=1305
DEBUG fread result=1316 expected=1316 ferror=0
DEBUG loadImage: filename=[gfx/common/3.png]
DEBUG pak entry: [data/mainSprites] len=16 vs searching [gfx/common/3.png] len=16
DEBUG found match: location=1994826 cSize=94 fSize=96
DEBUG fread result=94 expected=94 ferror=0
DEBUG loadImage: filename=[gfx/common/196.png]
DEBUG pak entry: [data/mainSprites] len=16 vs searching [gfx/common/196.png] len=18
DEBUG found match: location=1980765 cSize=326 fSize=315
DEBUG fread result=326 expected=326 ferror=0
DEBUG loadImage: filename=[gfx/common/197.png]
DEBUG pak entry: [data/mainSprites] len=16 vs searching [gfx/common/197.png] len=18
DEBUG found match: location=1981091 cSize=322 fSize=311
DEBUG fread result=322 expected=322 ferror=0
DEBUG loadImage: filename=[gfx/common/198.png]
DEBUG pak entry: [data/mainSprites] len=16 vs searching [gfx/common/198.png] len=18
DEBUG found match: location=1981413 cSize=340 fSize=329
DEBUG fread result=340 expected=340 ferror=0
DEBUG loadImage: filename=[gfx/common/199.png]
DEBUG pak entry: [data/mainSprites] len=16 vs searching [gfx/common/199.png] len=18
DEBUG found match: location=1981753 cSize=288 fSize=282
DEBUG fread result=288 expected=288 ferror=0
DEBUG loadImage: filename=[gfx/common/200.png]
DEBUG pak entry: [data/mainSprites] len=16 vs searching [gfx/common/200.png] len=18
DEBUG found match: location=1983357 cSize=136 fSize=142
DEBUG fread result=136 expected=136 ferror=0
DEBUG loadImage: filename=[gfx/common/201.png]
DEBUG pak entry: [data/mainSprites] len=16 vs searching [gfx/common/201.png] len=18
DEBUG found match: location=1983493 cSize=151 fSize=155
DEBUG fread result=151 expected=151 ferror=0
DEBUG loadImage: filename=[gfx/common/202.png]
DEBUG pak entry: [data/mainSprites] len=16 vs searching [gfx/common/202.png] len=18
DEBUG found match: location=1983644 cSize=136 fSize=142
DEBUG fread result=136 expected=136 ferror=0
DEBUG loadImage: filename=[gfx/common/203.png]
DEBUG pak entry: [data/mainSprites] len=16 vs searching [gfx/common/203.png] len=18
DEBUG found match: location=1983780 cSize=144 fSize=140
DEBUG fread result=144 expected=144 ferror=0
DEBUG loadImage: filename=[gfx/common/204.png]
DEBUG pak entry: [data/mainSprites] len=16 vs searching [gfx/common/204.png] len=18
DEBUG found match: location=1983924 cSize=128 fSize=136
DEBUG fread result=128 expected=128 ferror=0
DEBUG loadImage: filename=[gfx/common/207.png]
DEBUG pak entry: [data/mainSprites] len=16 vs searching [gfx/common/207.png] len=18
DEBUG found match: location=1984052 cSize=1264 fSize=1253
DEBUG fread result=1264 expected=1264 ferror=0
DEBUG loadImage: filename=[gfx/common/208.png]
DEBUG pak entry: [data/mainSprites] len=16 vs searching [gfx/common/208.png] len=18
DEBUG found match: location=1985316 cSize=1273 fSize=1277
DEBUG fread result=1273 expected=1273 ferror=0
DEBUG loadImage: filename=[gfx/common/209.png]
DEBUG pak entry: [data/mainSprites] len=16 vs searching [gfx/common/209.png] len=18
DEBUG found match: location=1986589 cSize=1322 fSize=1323
DEBUG fread result=1322 expected=1322 ferror=0
DEBUG loadImage: filename=[gfx/common/210.png]
DEBUG pak entry: [data/mainSprites] len=16 vs searching [gfx/common/210.png] len=18
DEBUG found match: location=1987911 cSize=1299 fSize=1288
DEBUG fread result=1299 expected=1299 ferror=0
DEBUG loadImage: filename=[gfx/common/211.png]
DEBUG pak entry: [data/mainSprites] len=16 vs searching [gfx/common/211.png] len=18
DEBUG found match: location=1989210 cSize=1224 fSize=1228
DEBUG fread result=1224 expected=1224 ferror=0
DEBUG loadImage: filename=[gfx/common/212.png]
DEBUG pak entry: [data/mainSprites] len=16 vs searching [gfx/common/212.png] len=18
DEBUG found match: location=1990434 cSize=1270 fSize=1271
DEBUG fread result=1270 expected=1270 ferror=0
DEBUG loadImage: filename=[gfx/common/214.png]
DEBUG pak entry: [data/mainSprites] len=16 vs searching [gfx/common/214.png] len=18
DEBUG found match: location=1991704 cSize=328 fSize=329
DEBUG fread result=328 expected=328 ferror=0
DEBUG loadImage: filename=[gfx/common/215.png]
DEBUG pak entry: [data/mainSprites] len=16 vs searching [gfx/common/215.png] len=18
DEBUG found match: location=1992032 cSize=367 fSize=362
DEBUG fread result=367 expected=367 ferror=0
DEBUG loadImage: filename=[gfx/common/216.png]
DEBUG pak entry: [data/mainSprites] len=16 vs searching [gfx/common/216.png] len=18
DEBUG found match: location=1992399 cSize=476 fSize=465
DEBUG fread result=476 expected=476 ferror=0
DEBUG loadImage: filename=[gfx/common/217.png]
DEBUG pak entry: [data/mainSprites] len=16 vs searching [gfx/common/217.png] len=18
DEBUG found match: location=1992875 cSize=464 fSize=453
DEBUG fread result=464 expected=464 ferror=0
DEBUG loadImage: filename=[gfx/common/218.png]
DEBUG pak entry: [data/mainSprites] len=16 vs searching [gfx/common/218.png] len=18
DEBUG found match: location=1993339 cSize=491 fSize=480
DEBUG fread result=491 expected=491 ferror=0
DEBUG loadImage: filename=[gfx/common/219.png]
DEBUG pak entry: [data/mainSprites] len=16 vs searching [gfx/common/219.png] len=18
DEBUG found match: location=1993830 cSize=533 fSize=522
DEBUG fread result=533 expected=533 ferror=0
DEBUG loadImage: filename=[gfx/common/220.png]
DEBUG pak entry: [data/mainSprites] len=16 vs searching [gfx/common/220.png] len=18
DEBUG found match: location=1994363 cSize=463 fSize=452
DEBUG fread result=463 expected=463 ferror=0
DEBUG found match: location=201548 cSize=1267 fSize=243038
DEBUG fread result=1267 expected=1267 ferror=0
DEBUG loadImage: filename=[gfx/grasslands/4.png]
DEBUG pak entry: [data/mainSprites] len=16 vs searching [gfx/grasslands/4.png] len=20
DEBUG found match: location=3566539 cSize=2312 fSize=2301
DEBUG fread result=2312 expected=2312 ferror=0
DEBUG loadImage: filename=[gfx/grasslands/5.png]
DEBUG pak entry: [data/mainSprites] len=16 vs searching [gfx/grasslands/5.png] len=20
DEBUG found match: location=3568851 cSize=2312 fSize=2301
DEBUG fread result=2312 expected=2312 ferror=0
DEBUG loadImage: filename=[gfx/grasslands/6.png]
DEBUG pak entry: [data/mainSprites] len=16 vs searching [gfx/grasslands/6.png] len=20
DEBUG found match: location=3571163 cSize=2312 fSize=2301
DEBUG fread result=2312 expected=2312 ferror=0
DEBUG loadImage: filename=[gfx/grasslands/7.png]
DEBUG pak entry: [data/mainSprites] len=16 vs searching [gfx/grasslands/7.png] len=20
DEBUG found match: location=3573475 cSize=2312 fSize=2301
DEBUG fread result=2312 expected=2312 ferror=0
DEBUG loadImage: filename=[gfx/grasslands/8.png]
DEBUG pak entry: [data/mainSprites] len=16 vs searching [gfx/grasslands/8.png] len=20
DEBUG found match: location=3575787 cSize=2312 fSize=2301
DEBUG fread result=2312 expected=2312 ferror=0
DEBUG loadImage: filename=[gfx/grasslands/9.png]
DEBUG pak entry: [data/mainSprites] len=16 vs searching [gfx/grasslands/9.png] len=20
DEBUG found match: location=3578099 cSize=2118 fSize=2107
DEBUG fread result=2118 expected=2118 ferror=0
DEBUG loadImage: filename=[gfx/grasslands/10.png]
DEBUG pak entry: [data/mainSprites] len=16 vs searching [gfx/grasslands/10.png] len=21
DEBUG found match: location=3515035 cSize=1330 fSize=1319
DEBUG fread result=1330 expected=1330 ferror=0
DEBUG loadImage: filename=[gfx/grasslands/11.png]
DEBUG pak entry: [data/mainSprites] len=16 vs searching [gfx/grasslands/11.png] len=21
DEBUG found match: location=3516365 cSize=2590 fSize=2579
DEBUG fread result=2590 expected=2590 ferror=0
DEBUG loadImage: filename=[gfx/grasslands/12.png]
DEBUG pak entry: [data/mainSprites] len=16 vs searching [gfx/grasslands/12.png] len=21
DEBUG found match: location=3526560 cSize=1845 fSize=1834
DEBUG fread result=1845 expected=1845 ferror=0
DEBUG loadImage: filename=[gfx/grasslands/13.png]
DEBUG pak entry: [data/mainSprites] len=16 vs searching [gfx/grasslands/13.png] len=21
DEBUG found match: location=3543827 cSize=2617 fSize=2606
DEBUG fread result=2617 expected=2617 ferror=0
DEBUG loadImage: filename=[gfx/grasslands/14.png]
DEBUG pak entry: [data/mainSprites] len=16 vs searching [gfx/grasslands/14.png] len=21
DEBUG found match: location=3550902 cSize=1853 fSize=1842
DEBUG fread result=1853 expected=1853 ferror=0
DEBUG loadImage: filename=[gfx/grasslands/15.png]
DEBUG pak entry: [data/mainSprites] len=16 vs searching [gfx/grasslands/15.png] len=21
DEBUG found match: location=3552755 cSize=1140 fSize=1154
DEBUG fread result=1140 expected=1140 ferror=0
DEBUG loadImage: filename=[gfx/grasslands/16.png]
DEBUG pak entry: [data/mainSprites] len=16 vs searching [gfx/grasslands/16.png] len=21
DEBUG found match: location=3553895 cSize=1342 fSize=1331
DEBUG fread result=1342 expected=1342 ferror=0
DEBUG loadImage: filename=[gfx/grasslands/17.png]
DEBUG pak entry: [data/mainSprites] len=16 vs searching [gfx/grasslands/17.png] len=21
DEBUG found match: location=3555237 cSize=1336 fSize=1325
DEBUG fread result=1336 expected=1336 ferror=0
DEBUG loadImage: filename=[gfx/grasslands/18.png]
DEBUG pak entry: [data/mainSprites] len=16 vs searching [gfx/grasslands/18.png] len=21
DEBUG found match: location=3556573 cSize=1349 fSize=1338
DEBUG fread result=1349 expected=1349 ferror=0
DEBUG loadImage: filename=[gfx/grasslands/19.png]
DEBUG pak entry: [data/mainSprites] len=16 vs searching [gfx/grasslands/19.png] len=21
DEBUG found match: location=3557922 cSize=1323 fSize=1312
DEBUG fread result=1323 expected=1323 ferror=0
DEBUG loadImage: filename=[gfx/grasslands/20.png]
DEBUG pak entry: [data/mainSprites] len=16 vs searching [gfx/grasslands/20.png] len=21
DEBUG found match: location=3559245 cSize=1402 fSize=1391
DEBUG fread result=1402 expected=1402 ferror=0
DEBUG loadImage: filename=[gfx/grasslands/21.png]
DEBUG pak entry: [data/mainSprites] len=16 vs searching [gfx/grasslands/21.png] len=21
DEBUG found match: location=3560647 cSize=1421 fSize=1410
DEBUG fread result=1421 expected=1421 ferror=0
DEBUG loadImage: filename=[gfx/grasslands/22.png]
DEBUG pak entry: [data/mainSprites] len=16 vs searching [gfx/grasslands/22.png] len=21
DEBUG found match: location=3562068 cSize=1406 fSize=1395
DEBUG fread result=1406 expected=1406 ferror=0
DEBUG loadImage: filename=[gfx/grasslands/23.png]
DEBUG pak entry: [data/mainSprites] len=16 vs searching [gfx/grasslands/23.png] len=21
DEBUG found match: location=3563474 cSize=1394 fSize=1383
DEBUG fread result=1394 expected=1394 ferror=0
DEBUG loadImage: filename=[gfx/grasslands/115.png]
DEBUG pak entry: [data/mainSprites] len=16 vs searching [gfx/grasslands/115.png] len=22
DEBUG found match: location=3518955 cSize=2118 fSize=2107
DEBUG fread result=2118 expected=2118 ferror=0
DEBUG loadImage: filename=[gfx/grasslands/116.png]
DEBUG pak entry: [data/mainSprites] len=16 vs searching [gfx/grasslands/116.png] len=22
DEBUG found match: location=3521073 cSize=1342 fSize=1331
DEBUG fread result=1342 expected=1342 ferror=0
DEBUG loadImage: filename=[gfx/grasslands/117.png]
DEBUG pak entry: [data/mainSprites] len=16 vs searching [gfx/grasslands/117.png] len=22
DEBUG found match: location=3522415 cSize=1402 fSize=1391
DEBUG fread result=1402 expected=1402 ferror=0
DEBUG loadImage: filename=[gfx/grasslands/118.png]
DEBUG pak entry: [data/mainSprites] len=16 vs searching [gfx/grasslands/118.png] len=22
DEBUG found match: location=3523817 cSize=1394 fSize=1383
DEBUG fread result=1394 expected=1394 ferror=0
DEBUG loadImage: filename=[gfx/grasslands/119.png]
DEBUG pak entry: [data/mainSprites] len=16 vs searching [gfx/grasslands/119.png] len=22
DEBUG found match: location=3525211 cSize=1349 fSize=1338
DEBUG fread result=1349 expected=1349 ferror=0
DEBUG loadImage: filename=[gfx/grasslands/120.png]
DEBUG pak entry: [data/mainSprites] len=16 vs searching [gfx/grasslands/120.png] len=22
DEBUG found match: location=3528405 cSize=1842 fSize=1831
DEBUG fread result=1842 expected=1842 ferror=0
DEBUG loadImage: filename=[gfx/grasslands/121.png]
DEBUG pak entry: [data/mainSprites] len=16 vs searching [gfx/grasslands/121.png] len=22
DEBUG found match: location=3530247 cSize=1935 fSize=1924
DEBUG fread result=1935 expected=1935 ferror=0
DEBUG loadImage: filename=[gfx/grasslands/122.png]
DEBUG pak entry: [data/mainSprites] len=16 vs searching [gfx/grasslands/122.png] len=22
DEBUG found match: location=3532182 cSize=2035 fSize=2024
DEBUG fread result=2035 expected=2035 ferror=0
DEBUG loadImage: filename=[gfx/grasslands/123.png]
DEBUG pak entry: [data/mainSprites] len=16 vs searching [gfx/grasslands/123.png] len=22
DEBUG found match: location=3534217 cSize=2042 fSize=2031
DEBUG fread result=2042 expected=2042 ferror=0
DEBUG loadImage: filename=[gfx/grasslands/124.png]
DEBUG pak entry: [data/mainSprites] len=16 vs searching [gfx/grasslands/124.png] len=22
DEBUG found match: location=3536259 cSize=1178 fSize=1167
DEBUG fread result=1178 expected=1178 ferror=0
DEBUG loadImage: filename=[gfx/grasslands/125.png]
DEBUG pak entry: [data/mainSprites] len=16 vs searching [gfx/grasslands/125.png] len=22
DEBUG found match: location=3537437 cSize=2237 fSize=2226
DEBUG fread result=2237 expected=2237 ferror=0
DEBUG loadImage: filename=[gfx/grasslands/126.png]
DEBUG pak entry: [data/mainSprites] len=16 vs searching [gfx/grasslands/126.png] len=22
DEBUG found match: location=3539674 cSize=1842 fSize=1831
DEBUG fread result=1842 expected=1842 ferror=0
DEBUG loadImage: filename=[gfx/grasslands/127.png]
DEBUG pak entry: [data/mainSprites] len=16 vs searching [gfx/grasslands/127.png] len=22
DEBUG found match: location=3541516 cSize=785 fSize=774
DEBUG fread result=785 expected=785 ferror=0
DEBUG loadImage: filename=[gfx/grasslands/128.png]
DEBUG pak entry: [data/mainSprites] len=16 vs searching [gfx/grasslands/128.png] len=22
DEBUG found match: location=3542301 cSize=745 fSize=734
DEBUG fread result=745 expected=745 ferror=0
DEBUG loadImage: filename=[gfx/grasslands/129.png]
DEBUG pak entry: [data/mainSprites] len=16 vs searching [gfx/grasslands/129.png] len=22
DEBUG found match: location=3543046 cSize=781 fSize=770
DEBUG fread result=781 expected=781 ferror=0
DEBUG loadImage: filename=[gfx/grasslands/130.png]
DEBUG pak entry: [data/mainSprites] len=16 vs searching [gfx/grasslands/130.png] len=22
DEBUG found match: location=3546444 cSize=752 fSize=741
DEBUG fread result=752 expected=752 ferror=0
DEBUG loadImage: filename=[gfx/grasslands/131.png]
DEBUG pak entry: [data/mainSprites] len=16 vs searching [gfx/grasslands/131.png] len=22
DEBUG found match: location=3547196 cSize=962 fSize=951
DEBUG fread result=962 expected=962 ferror=0
DEBUG loadImage: filename=[gfx/grasslands/132.png]
DEBUG pak entry: [data/mainSprites] len=16 vs searching [gfx/grasslands/132.png] len=22
DEBUG found match: location=3548158 cSize=922 fSize=911
DEBUG fread result=922 expected=922 ferror=0
DEBUG loadImage: filename=[gfx/grasslands/133.png]
DEBUG pak entry: [data/mainSprites] len=16 vs searching [gfx/grasslands/133.png] len=22
DEBUG found match: location=3549080 cSize=939 fSize=928
DEBUG fread result=939 expected=939 ferror=0
DEBUG loadImage: filename=[gfx/grasslands/134.png]
DEBUG pak entry: [data/mainSprites] len=16 vs searching [gfx/grasslands/134.png] len=22
DEBUG found match: location=3550019 cSize=883 fSize=872
DEBUG fread result=883 expected=883 ferror=0
DEBUG loadImage: filename=[gfx/grasslands/241.png]
DEBUG pak entry: [data/mainSprites] len=16 vs searching [gfx/grasslands/241.png] len=22
DEBUG found match: location=3564868 cSize=182 fSize=185
DEBUG fread result=182 expected=182 ferror=0
DEBUG loadImage: filename=[gfx/grasslands/242.png]
DEBUG pak entry: [data/mainSprites] len=16 vs searching [gfx/grasslands/242.png] len=22
DEBUG found match: location=3565050 cSize=255 fSize=251
DEBUG fread result=255 expected=255 ferror=0
DEBUG loadImage: filename=[gfx/grasslands/243.png]
DEBUG pak entry: [data/mainSprites] len=16 vs searching [gfx/grasslands/243.png] len=22
DEBUG found match: location=3565305 cSize=258 fSize=250
DEBUG fread result=258 expected=258 ferror=0
DEBUG loadImage: filename=[gfx/grasslands/244.png]
DEBUG pak entry: [data/mainSprites] len=16 vs searching [gfx/grasslands/244.png] len=22
DEBUG found match: location=3565563 cSize=248 fSize=243
DEBUG fread result=248 expected=248 ferror=0
DEBUG loadImage: filename=[gfx/grasslands/245.png]
DEBUG pak entry: [data/mainSprites] len=16 vs searching [gfx/grasslands/245.png] len=22
DEBUG found match: location=3565811 cSize=223 fSize=214
DEBUG fread result=223 expected=223 ferror=0
DEBUG loadImage: filename=[gfx/grasslands/246.png]
DEBUG pak entry: [data/mainSprites] len=16 vs searching [gfx/grasslands/246.png] len=22
DEBUG found match: location=3566034 cSize=199 fSize=196
DEBUG fread result=199 expected=199 ferror=0
DEBUG loadImage: filename=[gfx/grasslands/247.png]
DEBUG pak entry: [data/mainSprites] len=16 vs searching [gfx/grasslands/247.png] len=22
DEBUG found match: location=3566233 cSize=306 fSize=295
DEBUG fread result=306 expected=306 ferror=0
DEBUG loadImage: filename=[gfx/grasslands/day.png]
DEBUG pak entry: [data/mainSprites] len=16 vs searching [gfx/grasslands/day.png] len=22
DEBUG found match: location=3580217 cSize=69822 fSize=70192
DEBUG fread result=69822 expected=69822 ferror=0
DEBUG pak entry: [data/mainSprites] len=16 vs searching [gfx/sprites/goodBlobRight.png] len=29
DEBUG found match: location=4656637 cSize=337 fSize=326
DEBUG fread result=337 expected=337 ferror=0
DEBUG pak entry: [data/mainSprites] len=16 vs searching [gfx/sprites/goodBlobLeft.png] len=28
DEBUG found match: location=4656292 cSize=345 fSize=334
DEBUG fread result=345 expected=345 ferror=0
DEBUG pak entry: [data/mainSprites] len=16 vs searching [gfx/sprites/goodBlobLeft.png] len=28
DEBUG found match: location=4656292 cSize=345 fSize=334
DEBUG fread result=345 expected=345 ferror=0
DEBUG pak entry: [data/mainSprites] len=16 vs searching [gfx/sprites/goodBlobSpin1.png] len=29
DEBUG found match: location=4656974 cSize=337 fSize=326
DEBUG fread result=337 expected=337 ferror=0
DEBUG pak entry: [data/mainSprites] len=16 vs searching [gfx/sprites/goodBlobSpin2.png] len=29
DEBUG found match: location=4657311 cSize=335 fSize=324
DEBUG fread result=335 expected=335 ferror=0
DEBUG pak entry: [data/mainSprites] len=16 vs searching [gfx/sprites/goodBlobSpin3.png] len=29
DEBUG found match: location=4657646 cSize=342 fSize=331
DEBUG fread result=342 expected=342 ferror=0
DEBUG pak entry: [data/mainSprites] len=16 vs searching [gfx/sprites/babyBlobRight.png] len=29
DEBUG found match: location=4581969 cSize=168 fSize=166
DEBUG fread result=168 expected=168 ferror=0
DEBUG pak entry: [data/mainSprites] len=16 vs searching [gfx/sprites/babyBlobLeft.png] len=28
DEBUG found match: location=4581803 cSize=166 fSize=164
DEBUG fread result=166 expected=166 ferror=0
DEBUG pak entry: [data/mainSprites] len=16 vs searching [gfx/sprites/babyBlobLeft.png] len=28
DEBUG found match: location=4581803 cSize=166 fSize=164
DEBUG fread result=166 expected=166 ferror=0
DEBUG pak entry: [data/mainSprites] len=16 vs searching [gfx/sprites/babyBlobSpin1.png] len=29
DEBUG found match: location=4582137 cSize=167 fSize=165
DEBUG fread result=167 expected=167 ferror=0
DEBUG pak entry: [data/mainSprites] len=16 vs searching [gfx/sprites/babyBlobSpin2.png] len=29
DEBUG found match: location=4582304 cSize=167 fSize=165
DEBUG fread result=167 expected=167 ferror=0
DEBUG pak entry: [data/mainSprites] len=16 vs searching [gfx/sprites/babyBlobSpin3.png] len=29
DEBUG found match: location=4582471 cSize=166 fSize=164
DEBUG fread result=166 expected=166 ferror=0
DEBUG pak entry: [data/mainSprites] len=16 vs searching [gfx/sprites/cherryPlant.png] len=27
DEBUG found match: location=4593727 cSize=301 fSize=298
DEBUG fread result=301 expected=301 ferror=0
DEBUG found match: location=202815 cSize=446 fSize=919
DEBUG fread result=446 expected=446 ferror=0
DEBUG getString: fontSize=1 in=[The Blobs were a friendly, happy race. They wanted for nothing.]
DEBUG getString: fontSize=1 in=[They spent their days raising their children, harvesting Cherries]
DEBUG getString: fontSize=1 in=[and studying Astro and Quantum Physics.]
DEBUG getString: fontSize=1 in=[Wars and conflict to the Blobs was stuff of legend. Many of them had never even]
DEBUG getString: fontSize=1 in=[seen a weapon and some even doubted their existance. Theirs were happy lives,]
DEBUG getString: fontSize=1 in=[made even better by their clean world, excellent climates and holiday resorts.]
DEBUG getString: fontSize=1 in=[Then something went terribly wrong...]
DEBUG getString: fontSize=1 in=[As the alien invader's bombs rained down on their homeworld, the Blobs' worst]
DEBUG getString: fontSize=1 in=[fears had been realised...]
DEBUG getString: fontSize=1 in=[...the Blobs were going to War.]
DEBUG pak entry: [data/mainSprites] len=16 vs searching [data/titleWidgets] len=17
DEBUG found match: location=261142 cSize=445 fSize=1343
DEBUG fread result=445 expected=445 ferror=0
DEBUG loadImage: filename=[gfx/main/cheats.png]
DEBUG pak entry: [data/mainSprites] len=16 vs searching [gfx/main/cheats.png] len=19
DEBUG found match: location=3973005 cSize=2245 fSize=2234
DEBUG fread result=2245 expected=2245 ferror=0
DEBUG loadImage: filename=[gfx/main/options.png]
DEBUG pak entry: [data/mainSprites] len=16 vs searching [gfx/main/options.png] len=20
DEBUG found match: location=4167058 cSize=2525 fSize=2514
DEBUG fread result=2525 expected=2525 ferror=0
DEBUG loadImage: filename=[gfx/main/keyConfig.png]
DEBUG pak entry: [data/mainSprites] len=16 vs searching [gfx/main/keyConfig.png] len=22
DEBUG found match: location=4023566 cSize=2508 fSize=2497
DEBUG fread result=2508 expected=2508 ferror=0
DEBUG loadImage: filename=[gfx/main/joystickConfig.png]
DEBUG pak entry: [data/mainSprites] len=16 vs searching [gfx/main/joystickConfig.png] len=27
DEBUG found match: location=4019063 cSize=4503 fSize=4492
DEBUG fread result=4503 expected=4503 ferror=0
DEBUG loadImage: filename=[gfx/main/optionsBackground.png]
DEBUG pak entry: [data/mainSprites] len=16 vs searching [gfx/main/optionsBackground.png] len=30
DEBUG found match: location=4169583 cSize=52977 fSize=53667
DEBUG fread result=52977 expected=52977 ferror=0
DEBUG loadImage: filename=[gfx/main/prlogo.gif]
DEBUG pak entry: [data/mainSprites] len=16 vs searching [gfx/main/prlogo.gif] len=19
DEBUG found match: location=4222560 cSize=7957 fSize=8037
DEBUG fread result=7957 expected=7957 ferror=0
DEBUG loadImage: filename=[gfx/main/title.png]
DEBUG pak entry: [data/mainSprites] len=16 vs searching [gfx/main/title.png] len=18
DEBUG found match: location=4298490 cSize=8015 fSize=8004
DEBUG fread result=8015 expected=8015 ferror=0
DEBUG getString: fontSize=3 in=[Presents]
DEBUG getString: fontSize=3 in=[An SDL2 Game]
DEBUG getString: fontSize=2 in=[Blob Wars : Episode I]
DEBUG getString: fontSize=0 in=[Copyright (C) 2011-2015 Perpendicular Dimensions]
DEBUG getString: fontSize=0 in=[Copyright (C) 2004-2011 Parallel Realities]
DEBUG getString: fontSize=0 in=[Version 2.00]
DEBUG pak entry: [data/mainSprites] len=16 vs searching [music/title] len=11
DEBUG found match: location=56025550 cSize=4564338 fSize=4749434
DEBUG fread result=4564338 expected=4564338 ferror=0
DEBUG loadImage: filename=[gfx/main/CircuitBoard.jpg]
DEBUG pak entry: [data/mainSprites] len=16 vs searching [gfx/main/CircuitBoard.jpg] len=25
DEBUG found match: location=3975250 cSize=6632 fSize=6658
DEBUG fread result=6632 expected=6632 ferror=0
DEBUG getString: fontSize=0 in=[Start New Game]
DEBUG getString: fontSize=0 in=[Load Game]
DEBUG getString: fontSize=0 in=[Continue Current Game]
DEBUG getString: fontSize=0 in=[Options]
DEBUG getString: fontSize=0 in=[Help]
DEBUG getString: fontSize=0 in=[Quit]
DEBUG getString: fontSize=0 in=[For gameplay instructions please see the gameplay]
DEBUG getString: fontSize=0 in=[manual installed in the following location,]
DEBUG getString: fontSize=0 in=[doc/index.html]
DEBUG getString: fontSize=0 in=[(currently only in English)]
DEBUG getString: fontSize=0 in=[Practice]
DEBUG getString: fontSize=0 in=[Easy]
DEBUG getString: fontSize=0 in=[Normal]
DEBUG getString: fontSize=0 in=[Hard]
DEBUG getString: fontSize=0 in=[Extreme]
DEBUG getString: fontSize=0 in=[01 - Empty]
DEBUG getString: fontSize=0 in=[02 - Empty]
DEBUG getString: fontSize=0 in=[03 - Empty]
DEBUG getString: fontSize=0 in=[04 - Empty]
DEBUG getString: fontSize=0 in=[05 - Empty]
DEBUG getString: fontSize=0 in=[01 - Empty]
DEBUG getString: fontSize=0 in=[02 - Empty]
DEBUG getString: fontSize=0 in=[03 - Empty]
DEBUG getString: fontSize=0 in=[04 - Empty]
DEBUG getString: fontSize=0 in=[05 - Empty]
DEBUG getString: fontSize=0 in=[Back to Main Menu]
DEBUG getString: fontSize=0 in=[Start New Game]
DEBUG getString: fontSize=0 in=[Options]
DEBUG getString: fontSize=0 in=[Options]
DEBUG getString: fontSize=0 in=[Help]
DEBUG getString: fontSize=0 in=[Options]
DEBUG getString: fontSize=0 in=[Help]
DEBUG pak entry: [data/mainSprites] len=16 vs searching [data/optionWidgets] len=18
DEBUG found match: location=224274 cSize=289 fSize=594
DEBUG fread result=289 expected=289 ferror=0
DEBUG getString: fontSize=0 in=[Full Screen]
DEBUG getString: fontSize=0 in=[Sound Volume]
DEBUG getString: fontSize=0 in=[Music Volume]
DEBUG getString: fontSize=0 in=[Output Type]
DEBUG getString: fontSize=0 in=[Brightness]
DEBUG getString: fontSize=0 in=[Blood and Gore]
DEBUG getString: fontSize=0 in=[Configure Keys...]
DEBUG getString: fontSize=0 in=[Configure Joysticks...]
DEBUG getString: fontSize=0 in=[Cheats...]
DEBUG getString: fontSize=0 in=[Exit]
DEBUG getString: fontSize=0 in=[Off]
DEBUG getString: fontSize=0 in=[On]
DEBUG getString: fontSize=0 in=[None]
DEBUG getString: fontSize=0 in=[Mono]
DEBUG getString: fontSize=0 in=[Stereo]
DEBUG getString: fontSize=0 in=[Off]
DEBUG getString: fontSize=0 in=[On]
DEBUG getString: fontSize=0 in=[Full Screen]
DEBUG getString: fontSize=0 in=[Sound Volume]
DEBUG getString: fontSize=0 in=[Off]
DEBUG getString: fontSize=0 in=[On]
DEBUG getString: fontSize=0 in=[None]
DEBUG getString: fontSize=0 in=[Mono]
DEBUG getString: fontSize=0 in=[Stereo]
DEBUG getString: fontSize=0 in=[Off]
DEBUG getString: fontSize=0 in=[On]
DEBUG getString: fontSize=0 in=[Sound Volume]
DEBUG getString: fontSize=0 in=[Music Volume]
DEBUG getString: fontSize=0 in=[Off]
DEBUG getString: fontSize=0 in=[On]
DEBUG getString: fontSize=0 in=[None]
DEBUG getString: fontSize=0 in=[Mono]
DEBUG getString: fontSize=0 in=[Stereo]
DEBUG getString: fontSize=0 in=[Off]
DEBUG getString: fontSize=0 in=[On]
DEBUG getString: fontSize=0 in=[Music Volume]
DEBUG getString: fontSize=0 in=[Output Type]
DEBUG getString: fontSize=0 in=[Off]
DEBUG getString: fontSize=0 in=[On]
DEBUG getString: fontSize=0 in=[None]
DEBUG getString: fontSize=0 in=[Mono]
DEBUG getString: fontSize=0 in=[Stereo]
DEBUG getString: fontSize=0 in=[Off]
DEBUG getString: fontSize=0 in=[On]
DEBUG getString: fontSize=0 in=[Output Type]
DEBUG getString: fontSize=0 in=[Brightness]
DEBUG getString: fontSize=0 in=[Off]
DEBUG getString: fontSize=0 in=[On]
DEBUG getString: fontSize=0 in=[None]
DEBUG getString: fontSize=0 in=[Mono]
DEBUG getString: fontSize=0 in=[Stereo]
DEBUG getString: fontSize=0 in=[Off]
DEBUG getString: fontSize=0 in=[On]
DEBUG getString: fontSize=0 in=[Brightness]
DEBUG getString: fontSize=0 in=[Blood and Gore]
DEBUG getString: fontSize=0 in=[Off]
DEBUG getString: fontSize=0 in=[On]
DEBUG getString: fontSize=0 in=[None]
DEBUG getString: fontSize=0 in=[Mono]
DEBUG getString: fontSize=0 in=[Stereo]
DEBUG getString: fontSize=0 in=[Off]
DEBUG getString: fontSize=0 in=[On]
DEBUG getString: fontSize=0 in=[Blood and Gore]
DEBUG getString: fontSize=0 in=[Configure Keys...]
DEBUG getString: fontSize=0 in=[Off]
DEBUG getString: fontSize=0 in=[On]
DEBUG getString: fontSize=0 in=[None]
DEBUG getString: fontSize=0 in=[Mono]
DEBUG getString: fontSize=0 in=[Stereo]
DEBUG getString: fontSize=0 in=[Off]
DEBUG getString: fontSize=0 in=[On]
DEBUG getString: fontSize=0 in=[Configure Keys...]
DEBUG getString: fontSize=0 in=[Exit]
DEBUG getString: fontSize=0 in=[Off]
DEBUG getString: fontSize=0 in=[On]
DEBUG getString: fontSize=0 in=[None]
DEBUG getString: fontSize=0 in=[Mono]
DEBUG getString: fontSize=0 in=[Stereo]
DEBUG getString: fontSize=0 in=[Off]
DEBUG getString: fontSize=0 in=[On]
DEBUG getString: fontSize=0 in=[Configure Keys...]
DEBUG getString: fontSize=0 in=[Exit]
DEBUG getString: fontSize=0 in=[Off]
DEBUG getString: fontSize=0 in=[On]
DEBUG getString: fontSize=0 in=[None]
DEBUG getString: fontSize=0 in=[Mono]
DEBUG getString: fontSize=0 in=[Stereo]
DEBUG getString: fontSize=0 in=[Off]
DEBUG getString: fontSize=0 in=[On]
DEBUG getString: fontSize=0 in=[Blood and Gore]
DEBUG getString: fontSize=0 in=[Configure Keys...]
DEBUG getString: fontSize=0 in=[Off]
DEBUG getString: fontSize=0 in=[On]
DEBUG getString: fontSize=0 in=[None]
DEBUG getString: fontSize=0 in=[Mono]
DEBUG getString: fontSize=0 in=[Stereo]
DEBUG getString: fontSize=0 in=[Off]
DEBUG getString: fontSize=0 in=[On]
DEBUG getString: fontSize=0 in=[Brightness]
DEBUG getString: fontSize=0 in=[Blood and Gore]
DEBUG getString: fontSize=0 in=[Off]
DEBUG getString: fontSize=0 in=[On]
DEBUG getString: fontSize=0 in=[None]
DEBUG getString: fontSize=0 in=[Mono]
DEBUG getString: fontSize=0 in=[Stereo]
DEBUG getString: fontSize=0 in=[Off]
DEBUG getString: fontSize=0 in=[On]
DEBUG getString: fontSize=0 in=[Output Type]
DEBUG getString: fontSize=0 in=[Brightness]
DEBUG getString: fontSize=0 in=[Off]
DEBUG getString: fontSize=0 in=[On]
DEBUG getString: fontSize=0 in=[None]
DEBUG getString: fontSize=0 in=[Mono]
DEBUG getString: fontSize=0 in=[Stereo]
DEBUG getString: fontSize=0 in=[Off]
DEBUG getString: fontSize=0 in=[On]
DEBUG getString: fontSize=0 in=[Music Volume]
DEBUG getString: fontSize=0 in=[Output Type]
DEBUG getString: fontSize=0 in=[Off]
DEBUG getString: fontSize=0 in=[On]
DEBUG getString: fontSize=0 in=[None]
DEBUG getString: fontSize=0 in=[Mono]
DEBUG getString: fontSize=0 in=[Stereo]
DEBUG getString: fontSize=0 in=[Off]
DEBUG getString: fontSize=0 in=[On]
DEBUG getString: fontSize=0 in=[Sound Volume]
DEBUG getString: fontSize=0 in=[Music Volume]
DEBUG getString: fontSize=0 in=[Off]
DEBUG getString: fontSize=0 in=[On]
DEBUG getString: fontSize=0 in=[None]
DEBUG getString: fontSize=0 in=[Mono]
DEBUG getString: fontSize=0 in=[Stereo]
DEBUG getString: fontSize=0 in=[Off]
DEBUG getString: fontSize=0 in=[On]
DEBUG pak entry: [data/mainSprites] len=16 vs searching [data/titleWidgets] len=17
DEBUG found match: location=261142 cSize=445 fSize=1343
DEBUG fread result=445 expected=445 ferror=0
DEBUG getString: fontSize=0 in=[Start New Game]
DEBUG getString: fontSize=0 in=[Load Game]
DEBUG getString: fontSize=0 in=[Continue Current Game]
DEBUG getString: fontSize=0 in=[Options]
DEBUG getString: fontSize=0 in=[Help]
DEBUG getString: fontSize=0 in=[Quit]
DEBUG getString: fontSize=0 in=[For gameplay instructions please see the gameplay]
DEBUG getString: fontSize=0 in=[manual installed in the following location,]
DEBUG getString: fontSize=0 in=[doc/index.html]
DEBUG getString: fontSize=0 in=[(currently only in English)]
DEBUG getString: fontSize=0 in=[Practice]
DEBUG getString: fontSize=0 in=[Easy]
DEBUG getString: fontSize=0 in=[Normal]
DEBUG getString: fontSize=0 in=[Hard]
DEBUG getString: fontSize=0 in=[Extreme]
DEBUG getString: fontSize=0 in=[01 - Empty]
DEBUG getString: fontSize=0 in=[02 - Empty]
DEBUG getString: fontSize=0 in=[03 - Empty]
DEBUG getString: fontSize=0 in=[04 - Empty]
DEBUG getString: fontSize=0 in=[05 - Empty]
DEBUG getString: fontSize=0 in=[01 - Empty]
DEBUG getString: fontSize=0 in=[02 - Empty]
DEBUG getString: fontSize=0 in=[03 - Empty]
DEBUG getString: fontSize=0 in=[04 - Empty]
DEBUG getString: fontSize=0 in=[05 - Empty]
DEBUG getString: fontSize=0 in=[Back to Main Menu]
DEBUG getString: fontSize=0 in=[Start New Game]
DEBUG getString: fontSize=0 in=[Quit]
DEBUG getString: fontSize=0 in=[Start New Game]
DEBUG getString: fontSize=0 in=[Quit]
DEBUG getString: fontSize=0 in=[Start New Game]
DEBUG getString: fontSize=0 in=[Load Game]
DEBUG getString: fontSize=0 in=[Continue Current Game]
DEBUG getString: fontSize=0 in=[Options]
DEBUG getString: fontSize=0 in=[Help]
DEBUG getString: fontSize=0 in=[Quit]
DEBUG getString: fontSize=0 in=[01 - Empty]
DEBUG getString: fontSize=0 in=[02 - Empty]
DEBUG getString: fontSize=0 in=[03 - Empty]
DEBUG getString: fontSize=0 in=[04 - Empty]
DEBUG getString: fontSize=0 in=[05 - Empty]
DEBUG getString: fontSize=0 in=[Back to Main Menu]
DEBUG getString: fontSize=0 in=[Start New Game]
DEBUG getString: fontSize=0 in=[Load Game]
DEBUG getString: fontSize=0 in=[Continue Current Game]
DEBUG getString: fontSize=0 in=[Options]
DEBUG getString: fontSize=0 in=[Help]
DEBUG getString: fontSize=0 in=[Quit]
DEBUG getString: fontSize=0 in=[Practice]
DEBUG getString: fontSize=0 in=[Easy]
DEBUG getString: fontSize=0 in=[Normal]
DEBUG getString: fontSize=0 in=[Hard]
DEBUG getString: fontSize=0 in=[Extreme]
DEBUG getString: fontSize=0 in=[01 - Empty]
DEBUG getString: fontSize=0 in=[02 - Empty]
DEBUG getString: fontSize=0 in=[03 - Empty]
DEBUG getString: fontSize=0 in=[04 - Empty]
DEBUG getString: fontSize=0 in=[05 - Empty]
DEBUG getString: fontSize=0 in=[Back to Main Menu]
DEBUG loadImage: filename=[gfx/main/worldMap.jpg]
DEBUG pak entry: [data/mainSprites] len=16 vs searching [gfx/main/worldMap.jpg] len=21
DEBUG found match: location=4306505 cSize=81285 fSize=81501
DEBUG fread result=81285 expected=81285 ferror=0
DEBUG pak entry: [data/mainSprites] len=16 vs searching [music/hub] len=9
DEBUG found match: location=40172526 cSize=6898124 fSize=6948732
DEBUG fread result=6898124 expected=6898124 ferror=0
DEBUG pak entry: [data/mainSprites] len=16 vs searching [sound/item] len=10
DEBUG found match: location=5570731 cSize=23152 fSize=47257
DEBUG fread result=23152 expected=23152 ferror=0
DEBUG loadImage: filename=[gfx/main/cheats.png]
DEBUG pak entry: [data/mainSprites] len=16 vs searching [gfx/main/cheats.png] len=19
DEBUG found match: location=3973005 cSize=2245 fSize=2234
DEBUG fread result=2245 expected=2245 ferror=0
DEBUG loadImage: filename=[gfx/main/options.png]
DEBUG pak entry: [data/mainSprites] len=16 vs searching [gfx/main/options.png] len=20
DEBUG found match: location=4167058 cSize=2525 fSize=2514
DEBUG fread result=2525 expected=2525 ferror=0
DEBUG loadImage: filename=[gfx/main/keyConfig.png]
DEBUG pak entry: [data/mainSprites] len=16 vs searching [gfx/main/keyConfig.png] len=22
DEBUG found match: location=4023566 cSize=2508 fSize=2497
DEBUG fread result=2508 expected=2508 ferror=0
DEBUG loadImage: filename=[gfx/main/joystickConfig.png]
DEBUG pak entry: [data/mainSprites] len=16 vs searching [gfx/main/joystickConfig.png] len=27
DEBUG found match: location=4019063 cSize=4503 fSize=4492
DEBUG fread result=4503 expected=4503 ferror=0
DEBUG loadImage: filename=[gfx/main/optionsBackground.png]
DEBUG pak entry: [data/mainSprites] len=16 vs searching [gfx/main/optionsBackground.png] len=30
DEBUG found match: location=4169583 cSize=52977 fSize=53667
DEBUG fread result=52977 expected=52977 ferror=0
DEBUG loadImage: filename=[gfx/main/cursor1.png]
DEBUG pak entry: [data/mainSprites] len=16 vs searching [gfx/main/cursor1.png] len=20
DEBUG found match: location=3991687 cSize=171 fSize=171
DEBUG fread result=171 expected=171 ferror=0
DEBUG loadImage: filename=[gfx/main/cursor2.png]
DEBUG pak entry: [data/mainSprites] len=16 vs searching [gfx/main/cursor2.png] len=20
DEBUG found match: location=3991858 cSize=176 fSize=175
DEBUG fread result=176 expected=176 ferror=0
DEBUG loadImage: filename=[gfx/main/cursor3.png]
DEBUG pak entry: [data/mainSprites] len=16 vs searching [gfx/main/cursor3.png] len=20
DEBUG found match: location=3992034 cSize=170 fSize=172
DEBUG fread result=170 expected=170 ferror=0
DEBUG loadImage: filename=[gfx/main/cursor4.png]
DEBUG pak entry: [data/mainSprites] len=16 vs searching [gfx/main/cursor4.png] len=20
DEBUG found match: location=3992204 cSize=164 fSize=167
DEBUG fread result=164 expected=164 ferror=0
DEBUG loadImage: filename=[gfx/main/cursor5.png]
DEBUG pak entry: [data/mainSprites] len=16 vs searching [gfx/main/cursor5.png] len=20
DEBUG found match: location=3992368 cSize=163 fSize=164
DEBUG fread result=163 expected=163 ferror=0
DEBUG loadImage: filename=[gfx/main/cursor6.png]
DEBUG pak entry: [data/mainSprites] len=16 vs searching [gfx/main/cursor6.png] len=20
DEBUG found match: location=3992531 cSize=156 fSize=158
DEBUG fread result=156 expected=156 ferror=0
DEBUG pak entry: [data/mainSprites] len=16 vs searching [gfx/sprites/miaSignal1.png] len=26
DEBUG found match: location=4678561 cSize=89 fSize=90
DEBUG fread result=89 expected=89 ferror=0
DEBUG pak entry: [data/mainSprites] len=16 vs searching [gfx/sprites/miaSignal1.png] len=26
DEBUG found match: location=4678561 cSize=89 fSize=90
DEBUG fread result=89 expected=89 ferror=0
DEBUG pak entry: [data/mainSprites] len=16 vs searching [gfx/sprites/miaSignal2.png] len=26
DEBUG found match: location=4678650 cSize=98 fSize=99
DEBUG fread result=98 expected=98 ferror=0
DEBUG pak entry: [data/mainSprites] len=16 vs searching [gfx/sprites/miaSignal2.png] len=26
DEBUG found match: location=4678650 cSize=98 fSize=99
DEBUG fread result=98 expected=98 ferror=0
DEBUG pak entry: [data/mainSprites] len=16 vs searching [gfx/sprites/miaSignal3.png] len=26
DEBUG found match: location=4678748 cSize=106 fSize=106
DEBUG fread result=106 expected=106 ferror=0
DEBUG pak entry: [data/mainSprites] len=16 vs searching [gfx/sprites/miaSignal3.png] len=26
DEBUG found match: location=4678748 cSize=106 fSize=106
DEBUG fread result=106 expected=106 ferror=0
DEBUG pak entry: [data/mainSprites] len=16 vs searching [gfx/sprites/miaSignal4.png] len=26
DEBUG found match: location=4678854 cSize=106 fSize=106
DEBUG fread result=106 expected=106 ferror=0
DEBUG pak entry: [data/mainSprites] len=16 vs searching [gfx/sprites/miaSignal4.png] len=26
DEBUG found match: location=4678854 cSize=106 fSize=106
DEBUG fread result=106 expected=106 ferror=0
DEBUG pak entry: [data/mainSprites] len=16 vs searching [gfx/sprites/miaSignal5.png] len=26
DEBUG found match: location=4678960 cSize=101 fSize=102
DEBUG fread result=101 expected=101 ferror=0
DEBUG pak entry: [data/mainSprites] len=16 vs searching [gfx/sprites/miaSignal5.png] len=26
DEBUG found match: location=4678960 cSize=101 fSize=102
DEBUG fread result=101 expected=101 ferror=0
DEBUG loadImage: filename=[gfx/main/hubIcon1.png]
DEBUG pak entry: [data/mainSprites] len=16 vs searching [gfx/main/hubIcon1.png] len=21
DEBUG found match: location=4017323 cSize=305 fSize=297
DEBUG fread result=305 expected=305 ferror=0
DEBUG loadImage: filename=[gfx/main/hubIcon2.png]
DEBUG pak entry: [data/mainSprites] len=16 vs searching [gfx/main/hubIcon2.png] len=21
DEBUG found match: location=4017628 cSize=244 fSize=238
DEBUG fread result=244 expected=244 ferror=0
DEBUG loadImage: filename=[gfx/main/hubIcon3.png]
DEBUG pak entry: [data/mainSprites] len=16 vs searching [gfx/main/hubIcon3.png] len=21
DEBUG found match: location=4017872 cSize=298 fSize=291
DEBUG fread result=298 expected=298 ferror=0
DEBUG loadImage: filename=[gfx/main/hubIcon4.png]
DEBUG pak entry: [data/mainSprites] len=16 vs searching [gfx/main/hubIcon4.png] len=21
DEBUG found match: location=4018170 cSize=281 fSize=274
DEBUG fread result=281 expected=281 ferror=0
DEBUG loadImage: filename=[gfx/main/hubIcon5.png]
DEBUG pak entry: [data/mainSprites] len=16 vs searching [gfx/main/hubIcon5.png] len=21
DEBUG found match: location=4018451 cSize=369 fSize=358
DEBUG fread result=369 expected=369 ferror=0
DEBUG loadImage: filename=[gfx/main/hubIcon6.png]
DEBUG pak entry: [data/mainSprites] len=16 vs searching [gfx/main/hubIcon6.png] len=21
DEBUG found match: location=4018820 cSize=243 fSize=241
DEBUG fread result=243 expected=243 ferror=0
DEBUG loadImage: filename=[gfx/main/hubArrowLeft.png]
DEBUG pak entry: [data/mainSprites] len=16 vs searching [gfx/main/hubArrowLeft.png] len=25
DEBUG found match: location=4016570 cSize=161 fSize=182
DEBUG fread result=161 expected=161 ferror=0
DEBUG loadImage: filename=[gfx/main/hubArrowLeft2.png]
DEBUG pak entry: [data/mainSprites] len=16 vs searching [gfx/main/hubArrowLeft2.png] len=26
DEBUG found match: location=4016731 cSize=217 fSize=214
DEBUG fread result=217 expected=217 ferror=0
DEBUG loadImage: filename=[gfx/main/hubArrowRight.png]
DEBUG pak entry: [data/mainSprites] len=16 vs searching [gfx/main/hubArrowRight.png] len=26
DEBUG found match: location=4016948 cSize=182 fSize=183
DEBUG fread result=182 expected=182 ferror=0
DEBUG loadImage: filename=[gfx/main/hubArrowRight2.png]
DEBUG pak entry: [data/mainSprites] len=16 vs searching [gfx/main/hubArrowRight2.png] len=27
DEBUG found match: location=4017130 cSize=193 fSize=196
DEBUG fread result=193 expected=193 ferror=0
DEBUG found match: location=191044 cSize=543 fSize=2065
DEBUG fread result=543 expected=543 ferror=0
DEBUG getString: fontSize=0 in=[Grasslands]
DEBUG getString: fontSize=0 in=[Flooded Tunnel]
DEBUG found match: location=129595 cSize=4037 fSize=9624
DEBUG fread result=4037 expected=4037 ferror=0
DEBUG loadImage: filename=[gfx/main/cheats.png]
DEBUG pak entry: [data/mainSprites] len=16 vs searching [gfx/main/cheats.png] len=19
DEBUG found match: location=3973005 cSize=2245 fSize=2234
DEBUG fread result=2245 expected=2245 ferror=0
DEBUG loadImage: filename=[gfx/main/options.png]
DEBUG pak entry: [data/mainSprites] len=16 vs searching [gfx/main/options.png] len=20
DEBUG found match: location=4167058 cSize=2525 fSize=2514
DEBUG fread result=2525 expected=2525 ferror=0
DEBUG loadImage: filename=[gfx/main/joystickConfig.png]
DEBUG pak entry: [data/mainSprites] len=16 vs searching [gfx/main/joystickConfig.png] len=27
DEBUG found match: location=4019063 cSize=4503 fSize=4492
DEBUG fread result=4503 expected=4503 ferror=0
DEBUG loadImage: filename=[gfx/main/keyConfig.png]
DEBUG pak entry: [data/mainSprites] len=16 vs searching [gfx/main/keyConfig.png] len=22
DEBUG found match: location=4023566 cSize=2508 fSize=2497
DEBUG fread result=2508 expected=2508 ferror=0
DEBUG loadImage: filename=[gfx/main/optionsBackground.png]
DEBUG pak entry: [data/mainSprites] len=16 vs searching [gfx/main/optionsBackground.png] len=30
DEBUG found match: location=4169583 cSize=52977 fSize=53667
DEBUG fread result=52977 expected=52977 ferror=0
DEBUG found match: location=128492 cSize=878 fSize=2801
DEBUG fread result=878 expected=878 ferror=0
DEBUG pak entry: [data/mainSprites] len=16 vs searching [data/mainSprites] len=16
DEBUG found match: location=208771 cSize=1781 fSize=16453
DEBUG fread result=1781 expected=1781 ferror=0
DEBUG pak entry: [data/mainSprites] len=16 vs searching [gfx/sprites/bobRight1.png] len=25
DEBUG found match: location=4590334 cSize=373 fSize=362
DEBUG fread result=373 expected=373 ferror=0
DEBUG pak entry: [data/mainSprites] len=16 vs searching [gfx/sprites/bobRight2.png] len=25
DEBUG found match: location=4590707 cSize=380 fSize=369
DEBUG fread result=380 expected=380 ferror=0
DEBUG pak entry: [data/mainSprites] len=16 vs searching [gfx/sprites/bobRight3.png] len=25
DEBUG found match: location=4591087 cSize=379 fSize=368
DEBUG fread result=379 expected=379 ferror=0
DEBUG pak entry: [data/mainSprites] len=16 vs searching [gfx/sprites/bobRight2.png] len=25
DEBUG found match: location=4590707 cSize=380 fSize=369
DEBUG fread result=380 expected=380 ferror=0
DEBUG pak entry: [data/mainSprites] len=16 vs searching [gfx/sprites/bobLeft1.png] len=24
DEBUG found match: location=4589190 cSize=388 fSize=377
DEBUG fread result=388 expected=388 ferror=0
DEBUG pak entry: [data/mainSprites] len=16 vs searching [gfx/sprites/bobLeft2.png] len=24
DEBUG found match: location=4589578 cSize=379 fSize=368
DEBUG fread result=379 expected=379 ferror=0
DEBUG pak entry: [data/mainSprites] len=16 vs searching [gfx/sprites/bobLeft3.png] len=24
DEBUG found match: location=4589957 cSize=377 fSize=366
DEBUG fread result=377 expected=377 ferror=0
DEBUG pak entry: [data/mainSprites] len=16 vs searching [gfx/sprites/bobLeft2.png] len=24
DEBUG found match: location=4589578 cSize=379 fSize=368
DEBUG fread result=379 expected=379 ferror=0
DEBUG pak entry: [data/mainSprites] len=16 vs searching [gfx/sprites/bobRight1.png] len=25
DEBUG found match: location=4590334 cSize=373 fSize=362
DEBUG fread result=373 expected=373 ferror=0
DEBUG pak entry: [data/mainSprites] len=16 vs searching [gfx/sprites/bobSpin1.png] len=24
DEBUG found match: location=4591466 cSize=384 fSize=373
DEBUG fread result=384 expected=384 ferror=0
DEBUG pak entry: [data/mainSprites] len=16 vs searching [gfx/sprites/bobSpin2.png] len=24
DEBUG found match: location=4591850 cSize=376 fSize=365
DEBUG fread result=376 expected=376 ferror=0
DEBUG pak entry: [data/mainSprites] len=16 vs searching [gfx/sprites/bobSpin3.png] len=24
DEBUG found match: location=4592226 cSize=387 fSize=376
DEBUG fread result=387 expected=387 ferror=0
DEBUG pak entry: [data/mainSprites] len=16 vs searching [gfx/sprites/aquaBobRight1.png] len=29
DEBUG found match: location=4550924 cSize=437 fSize=426
DEBUG fread result=437 expected=437 ferror=0
DEBUG pak entry: [data/mainSprites] len=16 vs searching [gfx/sprites/aquaBobLeft1.png] len=28
DEBUG found match: location=4550487 cSize=437 fSize=426
DEBUG fread result=437 expected=437 ferror=0
DEBUG pak entry: [data/mainSprites] len=16 vs searching [gfx/sprites/aquaBobRight1.png] len=29
DEBUG found match: location=4550924 cSize=437 fSize=426
DEBUG fread result=437 expected=437 ferror=0
DEBUG pak entry: [data/mainSprites] len=16 vs searching [gfx/sprites/aquaBobSpin1.png] len=28
DEBUG found match: location=4551361 cSize=466 fSize=455
DEBUG fread result=466 expected=466 ferror=0
DEBUG pak entry: [data/mainSprites] len=16 vs searching [gfx/sprites/aquaBobSpin2.png] len=28
DEBUG found match: location=4551827 cSize=444 fSize=433
DEBUG fread result=444 expected=444 ferror=0
DEBUG pak entry: [data/mainSprites] len=16 vs searching [gfx/sprites/aquaBobSpin3.png] len=28
DEBUG found match: location=4552271 cSize=466 fSize=455
DEBUG fread result=466 expected=466 ferror=0
DEBUG pak entry: [data/mainSprites] len=16 vs searching [gfx/sprites/bobJPRight1.png] len=27
DEBUG found match: location=4586465 cSize=685 fSize=674
DEBUG fread result=685 expected=685 ferror=0
DEBUG pak entry: [data/mainSprites] len=16 vs searching [gfx/sprites/bobJPRight2.png] len=27
DEBUG found match: location=4587150 cSize=681 fSize=670
DEBUG fread result=681 expected=681 ferror=0
DEBUG pak entry: [data/mainSprites] len=16 vs searching [gfx/sprites/bobJPRight3.png] len=27
DEBUG found match: location=4587831 cSize=676 fSize=665
DEBUG fread result=676 expected=676 ferror=0
DEBUG pak entry: [data/mainSprites] len=16 vs searching [gfx/sprites/bobJPRight4.png] len=27
DEBUG found match: location=4588507 cSize=683 fSize=672
DEBUG fread result=683 expected=683 ferror=0
DEBUG pak entry: [data/mainSprites] len=16 vs searching [gfx/sprites/bobJPRight2.png] len=27
DEBUG found match: location=4587150 cSize=681 fSize=670
DEBUG fread result=681 expected=681 ferror=0
DEBUG pak entry: [data/mainSprites] len=16 vs searching [gfx/sprites/bobJPRight3.png] len=27
DEBUG found match: location=4587831 cSize=676 fSize=665
DEBUG fread result=676 expected=676 ferror=0
DEBUG pak entry: [data/mainSprites] len=16 vs searching [gfx/sprites/bobJPLeft1.png] len=26
DEBUG found match: location=4583737 cSize=678 fSize=667
DEBUG fread result=678 expected=678 ferror=0
DEBUG pak entry: [data/mainSprites] len=16 vs searching [gfx/sprites/bobJPLeft2.png] len=26
DEBUG found match: location=4584415 cSize=685 fSize=674
DEBUG fread result=685 expected=685 ferror=0
DEBUG pak entry: [data/mainSprites] len=16 vs searching [gfx/sprites/bobJPLeft3.png] len=26
DEBUG found match: location=4585100 cSize=676 fSize=665
DEBUG fread result=676 expected=676 ferror=0
DEBUG pak entry: [data/mainSprites] len=16 vs searching [gfx/sprites/bobJPLeft4.png] len=26
DEBUG found match: location=4585776 cSize=689 fSize=678
DEBUG fread result=689 expected=689 ferror=0
DEBUG pak entry: [data/mainSprites] len=16 vs searching [gfx/sprites/bobJPLeft2.png] len=26
DEBUG found match: location=4584415 cSize=685 fSize=674
DEBUG fread result=685 expected=685 ferror=0
DEBUG pak entry: [data/mainSprites] len=16 vs searching [gfx/sprites/bobJPLeft3.png] len=26
DEBUG found match: location=4585100 cSize=676 fSize=665
DEBUG fread result=676 expected=676 ferror=0
DEBUG pak entry: [data/mainSprites] len=16 vs searching [gfx/sprites/platform.png] len=24
DEBUG found match: location=4684161 cSize=1412 fSize=1401
DEBUG fread result=1412 expected=1412 ferror=0
DEBUG pak entry: [data/mainSprites] len=16 vs searching [gfx/sprites/goldDoor.png] len=24
DEBUG found match: location=4655099 cSize=187 fSize=180
DEBUG fread result=187 expected=187 ferror=0
DEBUG pak entry: [data/mainSprites] len=16 vs searching [gfx/sprites/goldDoor.png] len=24
DEBUG found match: location=4655099 cSize=187 fSize=180
DEBUG fread result=187 expected=187 ferror=0
DEBUG pak entry: [data/mainSprites] len=16 vs searching [gfx/sprites/silverDoor.png] len=26
DEBUG found match: location=4699556 cSize=169 fSize=166
DEBUG fread result=169 expected=169 ferror=0
DEBUG pak entry: [data/mainSprites] len=16 vs searching [gfx/sprites/goldDoor.png] len=24
DEBUG found match: location=4655099 cSize=187 fSize=180
DEBUG fread result=187 expected=187 ferror=0
DEBUG pak entry: [data/mainSprites] len=16 vs searching [gfx/sprites/goldSlideDoor.png] len=29
DEBUG found match: location=4656113 cSize=179 fSize=172
DEBUG fread result=179 expected=179 ferror=0
DEBUG pak entry: [data/mainSprites] len=16 vs searching [gfx/sprites/goldSlideDoor.png] len=29
DEBUG found match: location=4656113 cSize=179 fSize=172
DEBUG fread result=179 expected=179 ferror=0
DEBUG pak entry: [data/mainSprites] len=16 vs searching [gfx/sprites/silverSlideDoor.png] len=31
DEBUG found match: location=4699725 cSize=181 fSize=177
DEBUG fread result=181 expected=181 ferror=0
DEBUG pak entry: [data/mainSprites] len=16 vs searching [gfx/sprites/goldSlideDoor.png] len=29
DEBUG found match: location=4656113 cSize=179 fSize=172
DEBUG fread result=179 expected=179 ferror=0
DEBUG pak entry: [data/mainSprites] len=16 vs searching [gfx/sprites/teleporter1.png] len=27
DEBUG found match: location=4726161 cSize=2931 fSize=2920
DEBUG fread result=2931 expected=2931 ferror=0
DEBUG pak entry: [data/mainSprites] len=16 vs searching [gfx/sprites/flameBullet1.png] len=28
DEBUG found match: location=4632939 cSize=235 fSize=228
DEBUG fread result=235 expected=235 ferror=0
DEBUG pak entry: [data/mainSprites] len=16 vs searching [gfx/sprites/flameBullet2.png] len=28
DEBUG found match: location=4633174 cSize=230 fSize=222
DEBUG fread result=230 expected=230 ferror=0
DEBUG pak entry: [data/mainSprites] len=16 vs searching [gfx/sprites/pointsPod1.png] len=26
DEBUG found match: location=4685573 cSize=264 fSize=281
DEBUG fread result=264 expected=264 ferror=0
DEBUG pak entry: [data/mainSprites] len=16 vs searching [gfx/sprites/pointsPod2.png] len=26
DEBUG found match: location=4685837 cSize=149 fSize=150
DEBUG fread result=149 expected=149 ferror=0
DEBUG pak entry: [data/mainSprites] len=16 vs searching [gfx/sprites/pointsPod3.png] len=26
DEBUG found match: location=4685986 cSize=151 fSize=151
DEBUG fread result=151 expected=151 ferror=0
DEBUG pak entry: [data/mainSprites] len=16 vs searching [gfx/sprites/pointsPod4.png] len=26
DEBUG found match: location=4686137 cSize=294 fSize=307
DEBUG fread result=294 expected=294 ferror=0
DEBUG pak entry: [data/mainSprites] len=16 vs searching [gfx/sprites/pointsPod1.png] len=26
DEBUG found match: location=4685573 cSize=264 fSize=281
DEBUG fread result=264 expected=264 ferror=0
DEBUG pak entry: [data/mainSprites] len=16 vs searching [gfx/sprites/pointsPod2.png] len=26
DEBUG found match: location=4685837 cSize=149 fSize=150
DEBUG fread result=149 expected=149 ferror=0
DEBUG pak entry: [data/mainSprites] len=16 vs searching [gfx/sprites/pointsPod3.png] len=26
DEBUG found match: location=4685986 cSize=151 fSize=151
DEBUG fread result=151 expected=151 ferror=0
DEBUG pak entry: [data/mainSprites] len=16 vs searching [gfx/sprites/pointsPod4.png] len=26
DEBUG found match: location=4686137 cSize=294 fSize=307
DEBUG fread result=294 expected=294 ferror=0
DEBUG pak entry: [data/mainSprites] len=16 vs searching [gfx/sprites/pointsPod1.png] len=26
DEBUG found match: location=4685573 cSize=264 fSize=281
DEBUG fread result=264 expected=264 ferror=0
DEBUG pak entry: [data/mainSprites] len=16 vs searching [gfx/sprites/pointsPod2.png] len=26
DEBUG found match: location=4685837 cSize=149 fSize=150
DEBUG fread result=149 expected=149 ferror=0
DEBUG pak entry: [data/mainSprites] len=16 vs searching [gfx/sprites/pointsPod3.png] len=26
DEBUG found match: location=4685986 cSize=151 fSize=151
DEBUG fread result=151 expected=151 ferror=0
DEBUG pak entry: [data/mainSprites] len=16 vs searching [gfx/sprites/pointsPod4.png] len=26
DEBUG found match: location=4686137 cSize=294 fSize=307
DEBUG fread result=294 expected=294 ferror=0
DEBUG pak entry: [data/mainSprites] len=16 vs searching [gfx/sprites/pointsPod1.png] len=26
DEBUG found match: location=4685573 cSize=264 fSize=281
DEBUG fread result=264 expected=264 ferror=0
DEBUG pak entry: [data/mainSprites] len=16 vs searching [gfx/sprites/pointsPod2.png] len=26
DEBUG found match: location=4685837 cSize=149 fSize=150
DEBUG fread result=149 expected=149 ferror=0
DEBUG pak entry: [data/mainSprites] len=16 vs searching [gfx/sprites/pointsPod3.png] len=26
DEBUG found match: location=4685986 cSize=151 fSize=151
DEBUG fread result=151 expected=151 ferror=0
DEBUG pak entry: [data/mainSprites] len=16 vs searching [gfx/sprites/pointsPod4.png] len=26
DEBUG found match: location=4686137 cSize=294 fSize=307
DEBUG fread result=294 expected=294 ferror=0
DEBUG pak entry: [data/mainSprites] len=16 vs searching [gfx/sprites/pointsPod1.png] len=26
DEBUG found match: location=4685573 cSize=264 fSize=281
DEBUG fread result=264 expected=264 ferror=0
DEBUG pak entry: [data/mainSprites] len=16 vs searching [gfx/sprites/pointsPod2.png] len=26
DEBUG found match: location=4685837 cSize=149 fSize=150
DEBUG fread result=149 expected=149 ferror=0
DEBUG pak entry: [data/mainSprites] len=16 vs searching [gfx/sprites/pointsPod3.png] len=26
DEBUG found match: location=4685986 cSize=151 fSize=151
DEBUG fread result=151 expected=151 ferror=0
DEBUG pak entry: [data/mainSprites] len=16 vs searching [gfx/sprites/pointsPod4.png] len=26
DEBUG found match: location=4686137 cSize=294 fSize=307
DEBUG fread result=294 expected=294 ferror=0
DEBUG pak entry: [data/mainSprites] len=16 vs searching [gfx/sprites/pointsPod1.png] len=26
DEBUG found match: location=4685573 cSize=264 fSize=281
DEBUG fread result=264 expected=264 ferror=0
DEBUG pak entry: [data/mainSprites] len=16 vs searching [gfx/sprites/pointsPod2.png] len=26
DEBUG found match: location=4685837 cSize=149 fSize=150
DEBUG fread result=149 expected=149 ferror=0
DEBUG pak entry: [data/mainSprites] len=16 vs searching [gfx/sprites/pointsPod3.png] len=26
DEBUG found match: location=4685986 cSize=151 fSize=151
DEBUG fread result=151 expected=151 ferror=0
DEBUG pak entry: [data/mainSprites] len=16 vs searching [gfx/sprites/pointsPod4.png] len=26
DEBUG found match: location=4686137 cSize=294 fSize=307
DEBUG fread result=294 expected=294 ferror=0
DEBUG pak entry: [data/mainSprites] len=16 vs searching [gfx/sprites/pointsPod1.png] len=26
DEBUG found match: location=4685573 cSize=264 fSize=281
DEBUG fread result=264 expected=264 ferror=0
DEBUG pak entry: [data/mainSprites] len=16 vs searching [gfx/sprites/pointsPod2.png] len=26
DEBUG found match: location=4685837 cSize=149 fSize=150
DEBUG fread result=149 expected=149 ferror=0
DEBUG pak entry: [data/mainSprites] len=16 vs searching [gfx/sprites/pointsPod3.png] len=26
DEBUG found match: location=4685986 cSize=151 fSize=151
DEBUG fread result=151 expected=151 ferror=0
DEBUG pak entry: [data/mainSprites] len=16 vs searching [gfx/sprites/pointsPod4.png] len=26
DEBUG found match: location=4686137 cSize=294 fSize=307
DEBUG fread result=294 expected=294 ferror=0
DEBUG pak entry: [data/mainSprites] len=16 vs searching [gfx/sprites/bloodParticle1.png] len=30
DEBUG found match: location=4583301 cSize=98 fSize=100
DEBUG fread result=98 expected=98 ferror=0
DEBUG pak entry: [data/mainSprites] len=16 vs searching [gfx/sprites/bloodParticle2.png] len=30
DEBUG found match: location=4583399 cSize=101 fSize=101
DEBUG fread result=101 expected=101 ferror=0
DEBUG pak entry: [data/mainSprites] len=16 vs searching [gfx/sprites/bloodParticle3.png] len=30
DEBUG found match: location=4583500 cSize=96 fSize=98
DEBUG fread result=96 expected=96 ferror=0
DEBUG pak entry: [data/mainSprites] len=16 vs searching [gfx/sprites/bloodParticle1.png] len=30
DEBUG found match: location=4583301 cSize=98 fSize=100
DEBUG fread result=98 expected=98 ferror=0
DEBUG pak entry: [data/mainSprites] len=16 vs searching [gfx/sprites/bloodParticle2.png] len=30
DEBUG found match: location=4583399 cSize=101 fSize=101
DEBUG fread result=101 expected=101 ferror=0
DEBUG pak entry: [data/mainSprites] len=16 vs searching [gfx/sprites/bloodParticle3.png] len=30
DEBUG found match: location=4583500 cSize=96 fSize=98
DEBUG fread result=96 expected=96 ferror=0
DEBUG pak entry: [data/mainSprites] len=16 vs searching [gfx/sprites/bloodParticle1.png] len=30
DEBUG found match: location=4583301 cSize=98 fSize=100
DEBUG fread result=98 expected=98 ferror=0
DEBUG pak entry: [data/mainSprites] len=16 vs searching [gfx/sprites/bloodParticle2.png] len=30
DEBUG found match: location=4583399 cSize=101 fSize=101
DEBUG fread result=101 expected=101 ferror=0
DEBUG pak entry: [data/mainSprites] len=16 vs searching [gfx/sprites/bloodParticle3.png] len=30
DEBUG found match: location=4583500 cSize=96 fSize=98
DEBUG fread result=96 expected=96 ferror=0
DEBUG pak entry: [data/mainSprites] len=16 vs searching [gfx/sprites/smoke1.bmp] len=22
DEBUG found match: location=4700224 cSize=76 fSize=146
DEBUG fread result=76 expected=76 ferror=0
DEBUG pak entry: [data/mainSprites] len=16 vs searching [gfx/sprites/smoke2.bmp] len=22
DEBUG found match: location=4700300 cSize=83 fSize=146
DEBUG fread result=83 expected=83 ferror=0
DEBUG pak entry: [data/mainSprites] len=16 vs searching [gfx/sprites/smoke3.bmp] len=22
DEBUG found match: location=4700383 cSize=79 fSize=146
DEBUG fread result=79 expected=79 ferror=0
DEBUG pak entry: [data/mainSprites] len=16 vs searching [gfx/sprites/smoke4.bmp] len=22
DEBUG found match: location=4700462 cSize=77 fSize=146
DEBUG fread result=77 expected=77 ferror=0
DEBUG pak entry: [data/mainSprites] len=16 vs searching [gfx/sprites/smallExplosion1.bmp] len=31
DEBUG found match: location=4699906 cSize=76 fSize=146
DEBUG fread result=76 expected=76 ferror=0
DEBUG pak entry: [data/mainSprites] len=16 vs searching [gfx/sprites/smallExplosion2.bmp] len=31
DEBUG found match: location=4699982 cSize=84 fSize=146
DEBUG fread result=84 expected=84 ferror=0
DEBUG pak entry: [data/mainSprites] len=16 vs searching [gfx/sprites/smallExplosion3.bmp] len=31
DEBUG found match: location=4700066 cSize=80 fSize=146
DEBUG fread result=80 expected=80 ferror=0
DEBUG pak entry: [data/mainSprites] len=16 vs searching [gfx/sprites/smallExplosion4.bmp] len=31
DEBUG found match: location=4700146 cSize=78 fSize=146
DEBUG fread result=78 expected=78 ferror=0
DEBUG pak entry: [data/mainSprites] len=16 vs searching [gfx/sprites/wallPiece.png] len=25
DEBUG found match: location=4731199 cSize=652 fSize=641
DEBUG fread result=652 expected=652 ferror=0
DEBUG pak entry: [data/mainSprites] len=16 vs searching [gfx/sprites/goldKey1.png] len=24
DEBUG found match: location=4655393 cSize=138 fSize=135
DEBUG fread result=138 expected=138 ferror=0
DEBUG pak entry: [data/mainSprites] len=16 vs searching [gfx/sprites/goldKey2.png] len=24
DEBUG found match: location=4655531 cSize=147 fSize=145
DEBUG fread result=147 expected=147 ferror=0
DEBUG pak entry: [data/mainSprites] len=16 vs searching [gfx/sprites/goldKey3.png] len=24
DEBUG found match: location=4655678 cSize=157 fSize=153
DEBUG fread result=157 expected=157 ferror=0
DEBUG pak entry: [data/mainSprites] len=16 vs searching [gfx/sprites/goldKey4.png] len=24
DEBUG found match: location=4655835 cSize=161 fSize=159
DEBUG fread result=161 expected=161 ferror=0
DEBUG pak entry: [data/mainSprites] len=16 vs searching [gfx/sprites/goldKey3.png] len=24
DEBUG found match: location=4655678 cSize=157 fSize=153
DEBUG fread result=157 expected=157 ferror=0
DEBUG pak entry: [data/mainSprites] len=16 vs searching [gfx/sprites/goldKey2.png] len=24
DEBUG found match: location=4655531 cSize=147 fSize=145
DEBUG fread result=147 expected=147 ferror=0
DEBUG pak entry: [data/mainSprites] len=16 vs searching [gfx/sprites/goldKey1.png] len=24
DEBUG found match: location=4655393 cSize=138 fSize=135
DEBUG fread result=138 expected=138 ferror=0
DEBUG pak entry: [data/mainSprites] len=16 vs searching [gfx/sprites/goldKey2.png] len=24
DEBUG found match: location=4655531 cSize=147 fSize=145
DEBUG fread result=147 expected=147 ferror=0
DEBUG pak entry: [data/mainSprites] len=16 vs searching [gfx/sprites/goldKey3.png] len=24
DEBUG found match: location=4655678 cSize=157 fSize=153
DEBUG fread result=157 expected=157 ferror=0
DEBUG pak entry: [data/mainSprites] len=16 vs searching [gfx/sprites/goldKey4.png] len=24
DEBUG found match: location=4655835 cSize=161 fSize=159
DEBUG fread result=161 expected=161 ferror=0
DEBUG pak entry: [data/mainSprites] len=16 vs searching [gfx/sprites/goldKey3.png] len=24
DEBUG found match: location=4655678 cSize=157 fSize=153
DEBUG fread result=157 expected=157 ferror=0
DEBUG pak entry: [data/mainSprites] len=16 vs searching [gfx/sprites/goldKey2.png] len=24
DEBUG found match: location=4655531 cSize=147 fSize=145
DEBUG fread result=147 expected=147 ferror=0
DEBUG pak entry: [data/mainSprites] len=16 vs searching [gfx/sprites/goldKey1.png] len=24
DEBUG found match: location=4655393 cSize=138 fSize=135
DEBUG fread result=138 expected=138 ferror=0
DEBUG pak entry: [data/mainSprites] len=16 vs searching [gfx/sprites/goldKey2.png] len=24
DEBUG found match: location=4655531 cSize=147 fSize=145
DEBUG fread result=147 expected=147 ferror=0
DEBUG pak entry: [data/mainSprites] len=16 vs searching [gfx/sprites/goldKey3.png] len=24
DEBUG found match: location=4655678 cSize=157 fSize=153
DEBUG fread result=157 expected=157 ferror=0
DEBUG pak entry: [data/mainSprites] len=16 vs searching [gfx/sprites/goldKey4.png] len=24
DEBUG found match: location=4655835 cSize=161 fSize=159
DEBUG fread result=161 expected=161 ferror=0
DEBUG pak entry: [data/mainSprites] len=16 vs searching [gfx/sprites/goldKey3.png] len=24
DEBUG found match: location=4655678 cSize=157 fSize=153
DEBUG fread result=157 expected=157 ferror=0
DEBUG pak entry: [data/mainSprites] len=16 vs searching [gfx/sprites/goldKey2.png] len=24
DEBUG found match: location=4655531 cSize=147 fSize=145
DEBUG fread result=147 expected=147 ferror=0
DEBUG pak entry: [data/mainSprites] len=16 vs searching [gfx/sprites/keyCard1.png] len=24
DEBUG found match: location=4669505 cSize=141 fSize=139
DEBUG fread result=141 expected=141 ferror=0
DEBUG pak entry: [data/mainSprites] len=16 vs searching [gfx/sprites/keyCard2.png] len=24
DEBUG found match: location=4669646 cSize=146 fSize=144
DEBUG fread result=146 expected=146 ferror=0
DEBUG pak entry: [data/mainSprites] len=16 vs searching [gfx/sprites/keyCard3.png] len=24
DEBUG found match: location=4669792 cSize=147 fSize=144
DEBUG fread result=147 expected=147 ferror=0
DEBUG pak entry: [data/mainSprites] len=16 vs searching [gfx/sprites/keyCard4.png] len=24
DEBUG found match: location=4669939 cSize=148 fSize=144
DEBUG fread result=148 expected=148 ferror=0
DEBUG pak entry: [data/mainSprites] len=16 vs searching [gfx/sprites/keyCard5.png] len=24
DEBUG found match: location=4670087 cSize=146 fSize=144
DEBUG fread result=146 expected=146 ferror=0
DEBUG pak entry: [data/mainSprites] len=16 vs searching [gfx/sprites/keyCard1.png] len=24
DEBUG found match: location=4669505 cSize=141 fSize=139
DEBUG fread result=141 expected=141 ferror=0
DEBUG pak entry: [data/mainSprites] len=16 vs searching [gfx/sprites/keyCard2.png] len=24
DEBUG found match: location=4669646 cSize=146 fSize=144
DEBUG fread result=146 expected=146 ferror=0
DEBUG pak entry: [data/mainSprites] len=16 vs searching [gfx/sprites/keyCard3.png] len=24
DEBUG found match: location=4669792 cSize=147 fSize=144
DEBUG fread result=147 expected=147 ferror=0
DEBUG pak entry: [data/mainSprites] len=16 vs searching [gfx/sprites/keyCard4.png] len=24
DEBUG found match: location=4669939 cSize=148 fSize=144
DEBUG fread result=148 expected=148 ferror=0
DEBUG pak entry: [data/mainSprites] len=16 vs searching [gfx/sprites/keyCard5.png] len=24
DEBUG found match: location=4670087 cSize=146 fSize=144
DEBUG fread result=146 expected=146 ferror=0
DEBUG pak entry: [data/mainSprites] len=16 vs searching [gfx/sprites/keyCard1.png] len=24
DEBUG found match: location=4669505 cSize=141 fSize=139
DEBUG fread result=141 expected=141 ferror=0
DEBUG pak entry: [data/mainSprites] len=16 vs searching [gfx/sprites/keyCard2.png] len=24
DEBUG found match: location=4669646 cSize=146 fSize=144
DEBUG fread result=146 expected=146 ferror=0
DEBUG pak entry: [data/mainSprites] len=16 vs searching [gfx/sprites/keyCard3.png] len=24
DEBUG found match: location=4669792 cSize=147 fSize=144
DEBUG fread result=147 expected=147 ferror=0
DEBUG pak entry: [data/mainSprites] len=16 vs searching [gfx/sprites/keyCard4.png] len=24
DEBUG found match: location=4669939 cSize=148 fSize=144
DEBUG fread result=148 expected=148 ferror=0
DEBUG pak entry: [data/mainSprites] len=16 vs searching [gfx/sprites/keyCard5.png] len=24
DEBUG found match: location=4670087 cSize=146 fSize=144
DEBUG fread result=146 expected=146 ferror=0
DEBUG pak entry: [data/mainSprites] len=16 vs searching [gfx/sprites/keyCard1.png] len=24
DEBUG found match: location=4669505 cSize=141 fSize=139
DEBUG fread result=141 expected=141 ferror=0
DEBUG pak entry: [data/mainSprites] len=16 vs searching [gfx/sprites/keyCard2.png] len=24
DEBUG found match: location=4669646 cSize=146 fSize=144
DEBUG fread result=146 expected=146 ferror=0
DEBUG pak entry: [data/mainSprites] len=16 vs searching [gfx/sprites/keyCard3.png] len=24
DEBUG found match: location=4669792 cSize=147 fSize=144
DEBUG fread result=147 expected=147 ferror=0
DEBUG pak entry: [data/mainSprites] len=16 vs searching [gfx/sprites/keyCard4.png] len=24
DEBUG found match: location=4669939 cSize=148 fSize=144
DEBUG fread result=148 expected=148 ferror=0
DEBUG pak entry: [data/mainSprites] len=16 vs searching [gfx/sprites/keyCard5.png] len=24
DEBUG found match: location=4670087 cSize=146 fSize=144
DEBUG fread result=146 expected=146 ferror=0
DEBUG pak entry: [data/mainSprites] len=16 vs searching [gfx/sprites/keyCard1.png] len=24
DEBUG found match: location=4669505 cSize=141 fSize=139
DEBUG fread result=141 expected=141 ferror=0
DEBUG pak entry: [data/mainSprites] len=16 vs searching [gfx/sprites/keyCard2.png] len=24
DEBUG found match: location=4669646 cSize=146 fSize=144
DEBUG fread result=146 expected=146 ferror=0
DEBUG pak entry: [data/mainSprites] len=16 vs searching [gfx/sprites/keyCard3.png] len=24
DEBUG found match: location=4669792 cSize=147 fSize=144
DEBUG fread result=147 expected=147 ferror=0
DEBUG pak entry: [data/mainSprites] len=16 vs searching [gfx/sprites/keyCard4.png] len=24
DEBUG found match: location=4669939 cSize=148 fSize=144
DEBUG fread result=148 expected=148 ferror=0
DEBUG pak entry: [data/mainSprites] len=16 vs searching [gfx/sprites/keyCard5.png] len=24
DEBUG found match: location=4670087 cSize=146 fSize=144
DEBUG fread result=146 expected=146 ferror=0
DEBUG pak entry: [data/mainSprites] len=16 vs searching [gfx/sprites/lavaRock1.png] len=25
DEBUG found match: location=4670693 cSize=646 fSize=635
DEBUG fread result=646 expected=646 ferror=0
DEBUG pak entry: [data/mainSprites] len=16 vs searching [gfx/sprites/lavaRock2.png] len=25
DEBUG found match: location=4671339 cSize=659 fSize=648
DEBUG fread result=659 expected=659 ferror=0
DEBUG pak entry: [data/mainSprites] len=16 vs searching [gfx/sprites/lavaRock3.png] len=25
DEBUG found match: location=4671998 cSize=643 fSize=632
DEBUG fread result=643 expected=643 ferror=0
DEBUG pak entry: [data/mainSprites] len=16 vs searching [gfx/sprites/lavaRock4.png] len=25
DEBUG found match: location=4672641 cSize=662 fSize=651
DEBUG fread result=662 expected=662 ferror=0
DEBUG pak entry: [data/mainSprites] len=16 vs searching [gfx/sprites/onFire1.png] len=23
DEBUG found match: location=4682615 cSize=148 fSize=149
DEBUG fread result=148 expected=148 ferror=0
DEBUG pak entry: [data/mainSprites] len=16 vs searching [gfx/sprites/onFire2.png] len=23
DEBUG found match: location=4682763 cSize=149 fSize=149
DEBUG fread result=149 expected=149 ferror=0
DEBUG pak entry: [data/mainSprites] len=16 vs searching [gfx/sprites/onFire1.png] len=23
DEBUG found match: location=4682615 cSize=148 fSize=149
DEBUG fread result=148 expected=148 ferror=0
DEBUG pak entry: [data/mainSprites] len=16 vs searching [gfx/sprites/onFire2.png] len=23
DEBUG found match: location=4682763 cSize=149 fSize=149
DEBUG fread result=149 expected=149 ferror=0
DEBUG pak entry: [data/mainSprites] len=16 vs searching [gfx/sprites/cherry.png] len=22
DEBUG found match: location=4593582 cSize=145 fSize=148
DEBUG fread result=145 expected=145 ferror=0
DEBUG pak entry: [data/mainSprites] len=16 vs searching [gfx/sprites/doubleCherries.png] len=30
DEBUG found match: location=4602570 cSize=215 fSize=214
DEBUG fread result=215 expected=215 ferror=0
DEBUG pak entry: [data/mainSprites] len=16 vs searching [gfx/sprites/tripleCherries.png] len=30
DEBUG found match: location=4730942 cSize=257 fSize=253
DEBUG fread result=257 expected=257 ferror=0
DEBUG pak entry: [data/mainSprites] len=16 vs searching [gfx/sprites/grenade1.png] len=24
DEBUG found match: location=4657988 cSize=113 fSize=114
DEBUG fread result=113 expected=113 ferror=0
DEBUG pak entry: [data/mainSprites] len=16 vs searching [gfx/sprites/grenade2.png] len=24
DEBUG found match: location=4658101 cSize=115 fSize=117
DEBUG fread result=115 expected=115 ferror=0
DEBUG pak entry: [data/mainSprites] len=16 vs searching [gfx/sprites/grenade3.png] len=24
DEBUG found match: location=4658216 cSize=113 fSize=114
DEBUG fread result=113 expected=113 ferror=0
DEBUG pak entry: [data/mainSprites] len=16 vs searching [gfx/sprites/grenade4.png] len=24
DEBUG found match: location=4658329 cSize=113 fSize=115
DEBUG fread result=113 expected=113 ferror=0
DEBUG pak entry: [data/mainSprites] len=16 vs searching [gfx/sprites/alienGrenade1.png] len=29
DEBUG found match: location=4548594 cSize=130 fSize=130
DEBUG fread result=130 expected=130 ferror=0
DEBUG pak entry: [data/mainSprites] len=16 vs searching [gfx/sprites/alienGrenade2.png] len=29
DEBUG found match: location=4548724 cSize=127 fSize=128
DEBUG fread result=127 expected=127 ferror=0
DEBUG pak entry: [data/mainSprites] len=16 vs searching [gfx/sprites/alienGrenade3.png] len=29
DEBUG found match: location=4548851 cSize=126 fSize=128
DEBUG fread result=126 expected=126 ferror=0
DEBUG pak entry: [data/mainSprites] len=16 vs searching [gfx/sprites/alienGrenade4.png] len=29
DEBUG found match: location=4548977 cSize=125 fSize=127
DEBUG fread result=125 expected=125 ferror=0
DEBUG pak entry: [data/mainSprites] len=16 vs searching [gfx/sprites/aimedShot1.png] len=26
DEBUG found match: location=4548270 cSize=113 fSize=115
DEBUG fread result=113 expected=113 ferror=0
DEBUG pak entry: [data/mainSprites] len=16 vs searching [gfx/sprites/aimedShot2.png] len=26
DEBUG found match: location=4548383 cSize=105 fSize=105
DEBUG fread result=105 expected=105 ferror=0
DEBUG pak entry: [data/mainSprites] len=16 vs searching [gfx/sprites/aimedShot3.png] len=26
DEBUG found match: location=4548488 cSize=106 fSize=105
DEBUG fread result=106 expected=106 ferror=0
DEBUG pak entry: [data/mainSprites] len=16 vs searching [gfx/sprites/evilBlobRight1.png] len=30
DEBUG found match: location=4615647 cSize=330 fSize=323
DEBUG fread result=330 expected=330 ferror=0
DEBUG pak entry: [data/mainSprites] len=16 vs searching [gfx/sprites/evilBlobRight2.png] len=30
DEBUG found match: location=4615977 cSize=333 fSize=326
DEBUG fread result=333 expected=333 ferror=0
DEBUG pak entry: [data/mainSprites] len=16 vs searching [gfx/sprites/evilBlobRight3.png] len=30
DEBUG found match: location=4616310 cSize=330 fSize=323
DEBUG fread result=330 expected=330 ferror=0
DEBUG pak entry: [data/mainSprites] len=16 vs searching [gfx/sprites/evilBlobRight4.png] len=30
DEBUG found match: location=4616640 cSize=329 fSize=321
DEBUG fread result=329 expected=329 ferror=0
DEBUG pak entry: [data/mainSprites] len=16 vs searching [gfx/sprites/evilBlobRight3.png] len=30
DEBUG found match: location=4616310 cSize=330 fSize=323
DEBUG fread result=330 expected=330 ferror=0
DEBUG pak entry: [data/mainSprites] len=16 vs searching [gfx/sprites/evilBlobRight2.png] len=30
DEBUG found match: location=4615977 cSize=333 fSize=326
DEBUG fread result=333 expected=333 ferror=0
DEBUG pak entry: [data/mainSprites] len=16 vs searching [gfx/sprites/evilBlobLeft1.png] len=29
DEBUG found match: location=4614336 cSize=321 fSize=313
DEBUG fread result=321 expected=321 ferror=0
DEBUG pak entry: [data/mainSprites] len=16 vs searching [gfx/sprites/evilBlobLeft2.png] len=29
DEBUG found match: location=4614657 cSize=333 fSize=325
DEBUG fread result=333 expected=333 ferror=0
DEBUG pak entry: [data/mainSprites] len=16 vs searching [gfx/sprites/evilBlobLeft3.png] len=29
DEBUG found match: location=4614990 cSize=330 fSize=322
DEBUG fread result=330 expected=330 ferror=0
DEBUG pak entry: [data/mainSprites] len=16 vs searching [gfx/sprites/evilBlobLeft4.png] len=29
DEBUG found match: location=4615320 cSize=327 fSize=319
DEBUG fread result=327 expected=327 ferror=0
DEBUG pak entry: [data/mainSprites] len=16 vs searching [gfx/sprites/evilBlobLeft3.png] len=29
DEBUG found match: location=4614990 cSize=330 fSize=322
DEBUG fread result=330 expected=330 ferror=0
DEBUG pak entry: [data/mainSprites] len=16 vs searching [gfx/sprites/evilBlobLeft2.png] len=29
DEBUG found match: location=4614657 cSize=333 fSize=325
DEBUG fread result=333 expected=333 ferror=0
DEBUG pak entry: [data/mainSprites] len=16 vs searching [gfx/sprites/evilBlobRight1.png] len=30
DEBUG found match: location=4615647 cSize=330 fSize=323
DEBUG fread result=330 expected=330 ferror=0
DEBUG pak entry: [data/mainSprites] len=16 vs searching [gfx/sprites/evilBlobSpin1.png] len=29
DEBUG found match: location=4616969 cSize=334 fSize=326
DEBUG fread result=334 expected=334 ferror=0
DEBUG pak entry: [data/mainSprites] len=16 vs searching [gfx/sprites/evilBlobSpin2.png] len=29
DEBUG found match: location=4617303 cSize=329 fSize=323
DEBUG fread result=329 expected=329 ferror=0
DEBUG pak entry: [data/mainSprites] len=16 vs searching [gfx/sprites/evilBlobSpin3.png] len=29
DEBUG found match: location=4617632 cSize=339 fSize=331
DEBUG fread result=339 expected=339 ferror=0
DEBUG pak entry: [data/mainSprites] len=16 vs searching [gfx/sprites/evilBlobRight1.png] len=30
DEBUG found match: location=4615647 cSize=330 fSize=323
DEBUG fread result=330 expected=330 ferror=0
DEBUG pak entry: [data/mainSprites] len=16 vs searching [gfx/sprites/evilBlobRight2.png] len=30
DEBUG found match: location=4615977 cSize=333 fSize=326
DEBUG fread result=333 expected=333 ferror=0
DEBUG pak entry: [data/mainSprites] len=16 vs searching [gfx/sprites/evilBlobRight3.png] len=30
DEBUG found match: location=4616310 cSize=330 fSize=323
DEBUG fread result=330 expected=330 ferror=0
DEBUG pak entry: [data/mainSprites] len=16 vs searching [gfx/sprites/evilBlobRight4.png] len=30
DEBUG found match: location=4616640 cSize=329 fSize=321
DEBUG fread result=329 expected=329 ferror=0
DEBUG pak entry: [data/mainSprites] len=16 vs searching [gfx/sprites/evilBlobRight3.png] len=30
DEBUG found match: location=4616310 cSize=330 fSize=323
DEBUG fread result=330 expected=330 ferror=0
DEBUG pak entry: [data/mainSprites] len=16 vs searching [gfx/sprites/evilBlobRight2.png] len=30
DEBUG found match: location=4615977 cSize=333 fSize=326
DEBUG fread result=333 expected=333 ferror=0
DEBUG pak entry: [data/mainSprites] len=16 vs searching [gfx/sprites/evilBlobLeft1.png] len=29
DEBUG found match: location=4614336 cSize=321 fSize=313
DEBUG fread result=321 expected=321 ferror=0
DEBUG pak entry: [data/mainSprites] len=16 vs searching [gfx/sprites/evilBlobLeft2.png] len=29
DEBUG found match: location=4614657 cSize=333 fSize=325
DEBUG fread result=333 expected=333 ferror=0
DEBUG pak entry: [data/mainSprites] len=16 vs searching [gfx/sprites/evilBlobLeft3.png] len=29
DEBUG found match: location=4614990 cSize=330 fSize=322
DEBUG fread result=330 expected=330 ferror=0
DEBUG pak entry: [data/mainSprites] len=16 vs searching [gfx/sprites/evilBlobLeft4.png] len=29
DEBUG found match: location=4615320 cSize=327 fSize=319
DEBUG fread result=327 expected=327 ferror=0
DEBUG pak entry: [data/mainSprites] len=16 vs searching [gfx/sprites/evilBlobLeft3.png] len=29
DEBUG found match: location=4614990 cSize=330 fSize=322
DEBUG fread result=330 expected=330 ferror=0
DEBUG pak entry: [data/mainSprites] len=16 vs searching [gfx/sprites/evilBlobLeft2.png] len=29
DEBUG found match: location=4614657 cSize=333 fSize=325
DEBUG fread result=333 expected=333 ferror=0
DEBUG pak entry: [data/mainSprites] len=16 vs searching [gfx/sprites/evilBlobRight1.png] len=30
DEBUG found match: location=4615647 cSize=330 fSize=323
DEBUG fread result=330 expected=330 ferror=0
DEBUG pak entry: [data/mainSprites] len=16 vs searching [gfx/sprites/evilBlobSpin1.png] len=29
DEBUG found match: location=4616969 cSize=334 fSize=326
DEBUG fread result=334 expected=334 ferror=0
DEBUG pak entry: [data/mainSprites] len=16 vs searching [gfx/sprites/evilBlobSpin2.png] len=29
DEBUG found match: location=4617303 cSize=329 fSize=323
DEBUG fread result=329 expected=329 ferror=0
DEBUG pak entry: [data/mainSprites] len=16 vs searching [gfx/sprites/evilBlobSpin3.png] len=29
DEBUG found match: location=4617632 cSize=339 fSize=331
DEBUG fread result=339 expected=339 ferror=0
DEBUG pak entry: [data/mainSprites] len=16 vs searching [gfx/sprites/evilBlobRight1.png] len=30
DEBUG found match: location=4615647 cSize=330 fSize=323
DEBUG fread result=330 expected=330 ferror=0
DEBUG pak entry: [data/mainSprites] len=16 vs searching [gfx/sprites/evilBlobRight2.png] len=30
DEBUG found match: location=4615977 cSize=333 fSize=326
DEBUG fread result=333 expected=333 ferror=0
DEBUG pak entry: [data/mainSprites] len=16 vs searching [gfx/sprites/evilBlobRight3.png] len=30
DEBUG found match: location=4616310 cSize=330 fSize=323
DEBUG fread result=330 expected=330 ferror=0
DEBUG pak entry: [data/mainSprites] len=16 vs searching [gfx/sprites/evilBlobRight4.png] len=30
DEBUG found match: location=4616640 cSize=329 fSize=321
DEBUG fread result=329 expected=329 ferror=0
DEBUG pak entry: [data/mainSprites] len=16 vs searching [gfx/sprites/evilBlobRight3.png] len=30
DEBUG found match: location=4616310 cSize=330 fSize=323
DEBUG fread result=330 expected=330 ferror=0
DEBUG pak entry: [data/mainSprites] len=16 vs searching [gfx/sprites/evilBlobRight2.png] len=30
DEBUG found match: location=4615977 cSize=333 fSize=326
DEBUG fread result=333 expected=333 ferror=0
DEBUG pak entry: [data/mainSprites] len=16 vs searching [gfx/sprites/evilBlobLeft1.png] len=29
DEBUG found match: location=4614336 cSize=321 fSize=313
DEBUG fread result=321 expected=321 ferror=0
DEBUG pak entry: [data/mainSprites] len=16 vs searching [gfx/sprites/evilBlobLeft2.png] len=29
DEBUG found match: location=4614657 cSize=333 fSize=325
DEBUG fread result=333 expected=333 ferror=0
DEBUG pak entry: [data/mainSprites] len=16 vs searching [gfx/sprites/evilBlobLeft3.png] len=29
DEBUG found match: location=4614990 cSize=330 fSize=322
DEBUG fread result=330 expected=330 ferror=0
DEBUG pak entry: [data/mainSprites] len=16 vs searching [gfx/sprites/evilBlobLeft4.png] len=29
DEBUG found match: location=4615320 cSize=327 fSize=319
DEBUG fread result=327 expected=327 ferror=0
DEBUG pak entry: [data/mainSprites] len=16 vs searching [gfx/sprites/evilBlobLeft3.png] len=29
DEBUG found match: location=4614990 cSize=330 fSize=322
DEBUG fread result=330 expected=330 ferror=0
DEBUG pak entry: [data/mainSprites] len=16 vs searching [gfx/sprites/evilBlobLeft2.png] len=29
DEBUG found match: location=4614657 cSize=333 fSize=325
DEBUG fread result=333 expected=333 ferror=0
DEBUG pak entry: [data/mainSprites] len=16 vs searching [gfx/sprites/evilBlobRight1.png] len=30
DEBUG found match: location=4615647 cSize=330 fSize=323
DEBUG fread result=330 expected=330 ferror=0
DEBUG pak entry: [data/mainSprites] len=16 vs searching [gfx/sprites/evilBlobSpin1.png] len=29
DEBUG found match: location=4616969 cSize=334 fSize=326
DEBUG fread result=334 expected=334 ferror=0
DEBUG pak entry: [data/mainSprites] len=16 vs searching [gfx/sprites/evilBlobSpin2.png] len=29
DEBUG found match: location=4617303 cSize=329 fSize=323
DEBUG fread result=329 expected=329 ferror=0
DEBUG pak entry: [data/mainSprites] len=16 vs searching [gfx/sprites/evilBlobSpin3.png] len=29
DEBUG found match: location=4617632 cSize=339 fSize=331
DEBUG fread result=339 expected=339 ferror=0
DEBUG pak entry: [data/mainSprites] len=16 vs searching [gfx/sprites/evilBlobRight1.png] len=30
DEBUG found match: location=4615647 cSize=330 fSize=323
DEBUG fread result=330 expected=330 ferror=0
DEBUG pak entry: [data/mainSprites] len=16 vs searching [gfx/sprites/evilBlobRight2.png] len=30
DEBUG found match: location=4615977 cSize=333 fSize=326
DEBUG fread result=333 expected=333 ferror=0
DEBUG pak entry: [data/mainSprites] len=16 vs searching [gfx/sprites/evilBlobRight3.png] len=30
DEBUG found match: location=4616310 cSize=330 fSize=323
DEBUG fread result=330 expected=330 ferror=0
DEBUG pak entry: [data/mainSprites] len=16 vs searching [gfx/sprites/evilBlobRight4.png] len=30
DEBUG found match: location=4616640 cSize=329 fSize=321
DEBUG fread result=329 expected=329 ferror=0
DEBUG pak entry: [data/mainSprites] len=16 vs searching [gfx/sprites/evilBlobRight3.png] len=30
DEBUG found match: location=4616310 cSize=330 fSize=323
DEBUG fread result=330 expected=330 ferror=0
DEBUG pak entry: [data/mainSprites] len=16 vs searching [gfx/sprites/evilBlobRight2.png] len=30
DEBUG found match: location=4615977 cSize=333 fSize=326
DEBUG fread result=333 expected=333 ferror=0
DEBUG pak entry: [data/mainSprites] len=16 vs searching [gfx/sprites/evilBlobLeft1.png] len=29
DEBUG found match: location=4614336 cSize=321 fSize=313
DEBUG fread result=321 expected=321 ferror=0
DEBUG pak entry: [data/mainSprites] len=16 vs searching [gfx/sprites/evilBlobLeft2.png] len=29
DEBUG found match: location=4614657 cSize=333 fSize=325
DEBUG fread result=333 expected=333 ferror=0
DEBUG pak entry: [data/mainSprites] len=16 vs searching [gfx/sprites/evilBlobLeft3.png] len=29
DEBUG found match: location=4614990 cSize=330 fSize=322
DEBUG fread result=330 expected=330 ferror=0
DEBUG pak entry: [data/mainSprites] len=16 vs searching [gfx/sprites/evilBlobLeft4.png] len=29
DEBUG found match: location=4615320 cSize=327 fSize=319
DEBUG fread result=327 expected=327 ferror=0
DEBUG pak entry: [data/mainSprites] len=16 vs searching [gfx/sprites/evilBlobLeft3.png] len=29
DEBUG found match: location=4614990 cSize=330 fSize=322
DEBUG fread result=330 expected=330 ferror=0
DEBUG pak entry: [data/mainSprites] len=16 vs searching [gfx/sprites/evilBlobLeft2.png] len=29
DEBUG found match: location=4614657 cSize=333 fSize=325
DEBUG fread result=333 expected=333 ferror=0
DEBUG pak entry: [data/mainSprites] len=16 vs searching [gfx/sprites/evilBlobRight1.png] len=30
DEBUG found match: location=4615647 cSize=330 fSize=323
DEBUG fread result=330 expected=330 ferror=0
DEBUG pak entry: [data/mainSprites] len=16 vs searching [gfx/sprites/evilBlobSpin1.png] len=29
DEBUG found match: location=4616969 cSize=334 fSize=326
DEBUG fread result=334 expected=334 ferror=0
DEBUG pak entry: [data/mainSprites] len=16 vs searching [gfx/sprites/evilBlobSpin2.png] len=29
DEBUG found match: location=4617303 cSize=329 fSize=323
DEBUG fread result=329 expected=329 ferror=0
DEBUG pak entry: [data/mainSprites] len=16 vs searching [gfx/sprites/evilBlobSpin3.png] len=29
DEBUG found match: location=4617632 cSize=339 fSize=331
DEBUG fread result=339 expected=339 ferror=0
DEBUG pak entry: [data/mainSprites] len=16 vs searching [gfx/sprites/evilBlobRight1.png] len=30
DEBUG found match: location=4615647 cSize=330 fSize=323
DEBUG fread result=330 expected=330 ferror=0
DEBUG pak entry: [data/mainSprites] len=16 vs searching [gfx/sprites/evilBlobRight2.png] len=30
DEBUG found match: location=4615977 cSize=333 fSize=326
DEBUG fread result=333 expected=333 ferror=0
DEBUG pak entry: [data/mainSprites] len=16 vs searching [gfx/sprites/evilBlobRight3.png] len=30
DEBUG found match: location=4616310 cSize=330 fSize=323
DEBUG fread result=330 expected=330 ferror=0
DEBUG pak entry: [data/mainSprites] len=16 vs searching [gfx/sprites/evilBlobRight4.png] len=30
DEBUG found match: location=4616640 cSize=329 fSize=321
DEBUG fread result=329 expected=329 ferror=0
DEBUG pak entry: [data/mainSprites] len=16 vs searching [gfx/sprites/evilBlobRight3.png] len=30
DEBUG found match: location=4616310 cSize=330 fSize=323
DEBUG fread result=330 expected=330 ferror=0
DEBUG pak entry: [data/mainSprites] len=16 vs searching [gfx/sprites/evilBlobRight2.png] len=30
DEBUG found match: location=4615977 cSize=333 fSize=326
DEBUG fread result=333 expected=333 ferror=0
DEBUG pak entry: [data/mainSprites] len=16 vs searching [gfx/sprites/evilBlobLeft1.png] len=29
DEBUG found match: location=4614336 cSize=321 fSize=313
DEBUG fread result=321 expected=321 ferror=0
DEBUG pak entry: [data/mainSprites] len=16 vs searching [gfx/sprites/evilBlobLeft2.png] len=29
DEBUG found match: location=4614657 cSize=333 fSize=325
DEBUG fread result=333 expected=333 ferror=0
DEBUG pak entry: [data/mainSprites] len=16 vs searching [gfx/sprites/evilBlobLeft3.png] len=29
DEBUG found match: location=4614990 cSize=330 fSize=322
DEBUG fread result=330 expected=330 ferror=0
DEBUG pak entry: [data/mainSprites] len=16 vs searching [gfx/sprites/evilBlobLeft4.png] len=29
DEBUG found match: location=4615320 cSize=327 fSize=319
DEBUG fread result=327 expected=327 ferror=0
DEBUG pak entry: [data/mainSprites] len=16 vs searching [gfx/sprites/evilBlobLeft3.png] len=29
DEBUG found match: location=4614990 cSize=330 fSize=322
DEBUG fread result=330 expected=330 ferror=0
DEBUG pak entry: [data/mainSprites] len=16 vs searching [gfx/sprites/evilBlobLeft2.png] len=29
DEBUG found match: location=4614657 cSize=333 fSize=325
DEBUG fread result=333 expected=333 ferror=0
DEBUG pak entry: [data/mainSprites] len=16 vs searching [gfx/sprites/evilBlobRight1.png] len=30
DEBUG found match: location=4615647 cSize=330 fSize=323
DEBUG fread result=330 expected=330 ferror=0
DEBUG pak entry: [data/mainSprites] len=16 vs searching [gfx/sprites/evilBlobSpin1.png] len=29
DEBUG found match: location=4616969 cSize=334 fSize=326
DEBUG fread result=334 expected=334 ferror=0
DEBUG pak entry: [data/mainSprites] len=16 vs searching [gfx/sprites/evilBlobSpin2.png] len=29
DEBUG found match: location=4617303 cSize=329 fSize=323
DEBUG fread result=329 expected=329 ferror=0
DEBUG pak entry: [data/mainSprites] len=16 vs searching [gfx/sprites/evilBlobSpin3.png] len=29
DEBUG found match: location=4617632 cSize=339 fSize=331
DEBUG fread result=339 expected=339 ferror=0
DEBUG pak entry: [data/mainSprites] len=16 vs searching [gfx/sprites/teleportStar1.png] len=29
DEBUG found match: location=4729092 cSize=97 fSize=101
DEBUG fread result=97 expected=97 ferror=0
DEBUG pak entry: [data/mainSprites] len=16 vs searching [gfx/sprites/teleportStar2.png] len=29
DEBUG found match: location=4729189 cSize=100 fSize=101
DEBUG fread result=100 expected=100 ferror=0
DEBUG pak entry: [data/mainSprites] len=16 vs searching [gfx/sprites/teleportStar3.png] len=29
DEBUG found match: location=4729289 cSize=98 fSize=101
DEBUG fread result=98 expected=98 ferror=0
DEBUG pak entry: [data/mainSprites] len=16 vs searching [gfx/sprites/teleportStar4.png] len=29
DEBUG found match: location=4729387 cSize=96 fSize=101
DEBUG fread result=96 expected=96 ferror=0
DEBUG pak entry: [data/mainSprites] len=16 vs searching [gfx/sprites/teleportStar5.png] len=29
DEBUG found match: location=4729483 cSize=99 fSize=101
DEBUG fread result=99 expected=99 ferror=0
DEBUG pak entry: [data/mainSprites] len=16 vs searching [gfx/sprites/teleportStar6.png] len=29
DEBUG found match: location=4729582 cSize=99 fSize=101
DEBUG fread result=99 expected=99 ferror=0
DEBUG pak entry: [data/mainSprites] len=16 vs searching [gfx/sprites/teleportStar7.png] len=29
DEBUG found match: location=4729681 cSize=83 fSize=83
DEBUG fread result=83 expected=83 ferror=0
DEBUG pak entry: [data/mainSprites] len=16 vs searching [gfx/sprites/scaredMIA1.png] len=26
DEBUG found match: location=4698418 cSize=283 fSize=278
DEBUG fread result=283 expected=283 ferror=0
DEBUG pak entry: [data/mainSprites] len=16 vs searching [gfx/sprites/scaredMIA2.png] len=26
DEBUG found match: location=4698701 cSize=286 fSize=280
DEBUG fread result=286 expected=286 ferror=0
DEBUG pak entry: [data/mainSprites] len=16 vs searching [gfx/sprites/scaredMIA3.png] len=26
DEBUG found match: location=4698987 cSize=283 fSize=278
DEBUG fread result=283 expected=283 ferror=0
DEBUG pak entry: [data/mainSprites] len=16 vs searching [gfx/sprites/scaredMIA4.png] len=26
DEBUG found match: location=4699270 cSize=286 fSize=280
DEBUG fread result=286 expected=286 ferror=0
DEBUG pak entry: [data/mainSprites] len=16 vs searching [gfx/sprites/aquaMIA1.png] len=24
DEBUG found match: location=4571966 cSize=342 fSize=331
DEBUG fread result=342 expected=342 ferror=0
DEBUG pak entry: [data/mainSprites] len=16 vs searching [gfx/sprites/aquaMIA2.png] len=24
DEBUG found match: location=4572308 cSize=343 fSize=332
DEBUG fread result=343 expected=343 ferror=0
DEBUG pak entry: [data/mainSprites] len=16 vs searching [gfx/sprites/aquaMIA3.png] len=24
DEBUG found match: location=4572651 cSize=341 fSize=330
DEBUG fread result=341 expected=341 ferror=0
DEBUG pak entry: [data/mainSprites] len=16 vs searching [gfx/sprites/aquaMIA2.png] len=24
DEBUG found match: location=4572308 cSize=343 fSize=332
DEBUG fread result=343 expected=343 ferror=0
DEBUG pak entry: [data/mainSprites] len=16 vs searching [gfx/sprites/healthBlock1.png] len=28
DEBUG found match: location=4658809 cSize=99 fSize=99
DEBUG fread result=99 expected=99 ferror=0
DEBUG pak entry: [data/mainSprites] len=16 vs searching [gfx/sprites/healthBlock2.png] len=28
DEBUG found match: location=4658908 cSize=110 fSize=110
DEBUG fread result=110 expected=110 ferror=0
DEBUG pak entry: [data/mainSprites] len=16 vs searching [gfx/sprites/healthBlock3.png] len=28
DEBUG found match: location=4659018 cSize=119 fSize=117
DEBUG fread result=119 expected=119 ferror=0
DEBUG pak entry: [data/mainSprites] len=16 vs searching [gfx/sprites/healthBlock4.png] len=28
DEBUG found match: location=4659137 cSize=113 fSize=112
DEBUG fread result=113 expected=113 ferror=0
DEBUG pak entry: [data/mainSprites] len=16 vs searching [gfx/sprites/healthBlockEmpty.png] len=32
DEBUG found match: location=4659250 cSize=98 fSize=99
DEBUG fread result=98 expected=98 ferror=0
DEBUG pak entry: [data/mainSprites] len=16 vs searching [gfx/sprites/oxygenBlock1.png] len=28
DEBUG found match: location=4683154 cSize=99 fSize=99
DEBUG fread result=99 expected=99 ferror=0
DEBUG pak entry: [data/mainSprites] len=16 vs searching [gfx/sprites/oxygenBlockEmpty.png] len=32
DEBUG found match: location=4683253 cSize=97 fSize=99
DEBUG fread result=97 expected=97 ferror=0
DEBUG pak entry: [data/mainSprites] len=16 vs searching [gfx/sprites/warningBlock.png] len=28
DEBUG found match: location=4731851 cSize=80 fSize=79
DEBUG fread result=80 expected=80 ferror=0
DEBUG pak entry: [data/mainSprites] len=16 vs searching [gfx/sprites/switch1.png] len=23
DEBUG found match: location=4713930 cSize=420 fSize=409
DEBUG fread result=420 expected=420 ferror=0
DEBUG pak entry: [data/mainSprites] len=16 vs searching [gfx/sprites/switch2.png] len=23
DEBUG found match: location=4714350 cSize=586 fSize=575
DEBUG fread result=586 expected=586 ferror=0
DEBUG pak entry: [data/mainSprites] len=16 vs searching [gfx/sprites/pistolIcon.png] len=26
DEBUG found match: location=4683350 cSize=383 fSize=372
DEBUG fread result=383 expected=383 ferror=0
DEBUG pak entry: [data/mainSprites] len=16 vs searching [gfx/sprites/machineGunIcon.png] len=30
DEBUG found match: location=4676585 cSize=390 fSize=379
DEBUG fread result=390 expected=390 ferror=0
DEBUG pak entry: [data/mainSprites] len=16 vs searching [gfx/sprites/grenadeIcon.png] len=27
DEBUG found match: location=4658442 cSize=367 fSize=356
DEBUG fread result=367 expected=367 ferror=0
DEBUG pak entry: [data/mainSprites] len=16 vs searching [gfx/sprites/laserIcon.png] len=25
DEBUG found match: location=4670332 cSize=361 fSize=350
DEBUG fread result=361 expected=361 ferror=0
DEBUG pak entry: [data/mainSprites] len=16 vs searching [gfx/sprites/spreadIcon.png] len=26
DEBUG found match: location=4706166 cSize=386 fSize=375
DEBUG fread result=386 expected=386 ferror=0
DEBUG pak entry: [data/mainSprites] len=16 vs searching [gfx/sprites/eyeDroidLeft1.png] len=29
DEBUG found match: location=4623401 cSize=486 fSize=475
DEBUG fread result=486 expected=486 ferror=0
DEBUG pak entry: [data/mainSprites] len=16 vs searching [gfx/sprites/eyeDroidLeft2.png] len=29
DEBUG found match: location=4623887 cSize=485 fSize=474
DEBUG fread result=485 expected=485 ferror=0
DEBUG pak entry: [data/mainSprites] len=16 vs searching [gfx/sprites/eyeDroidLeft3.png] len=29
DEBUG found match: location=4624372 cSize=484 fSize=473
DEBUG fread result=484 expected=484 ferror=0
DEBUG pak entry: [data/mainSprites] len=16 vs searching [gfx/sprites/eyeDroidLeft4.png] len=29
DEBUG found match: location=4624856 cSize=485 fSize=474
DEBUG fread result=485 expected=485 ferror=0
DEBUG pak entry: [data/mainSprites] len=16 vs searching [gfx/sprites/eyeDroidRight1.png] len=30
DEBUG found match: location=4625341 cSize=485 fSize=474
DEBUG fread result=485 expected=485 ferror=0
DEBUG pak entry: [data/mainSprites] len=16 vs searching [gfx/sprites/eyeDroidRight2.png] len=30
DEBUG found match: location=4625826 cSize=478 fSize=467
DEBUG fread result=478 expected=478 ferror=0
DEBUG pak entry: [data/mainSprites] len=16 vs searching [gfx/sprites/eyeDroidRight3.png] len=30
DEBUG found match: location=4626304 cSize=477 fSize=466
DEBUG fread result=477 expected=477 ferror=0
DEBUG pak entry: [data/mainSprites] len=16 vs searching [gfx/sprites/eyeDroidRight4.png] len=30
DEBUG found match: location=4626781 cSize=478 fSize=467
DEBUG fread result=478 expected=478 ferror=0
DEBUG pak entry: [data/mainSprites] len=16 vs searching [gfx/sprites/eyeDroidDeath.png] len=29
DEBUG found match: location=4622600 cSize=801 fSize=790
DEBUG fread result=801 expected=801 ferror=0
DEBUG pak entry: [data/mainSprites] len=16 vs searching [gfx/sprites/eyeDroid2Left1.png] len=30
DEBUG found match: location=4618736 cSize=493 fSize=482
DEBUG fread result=493 expected=493 ferror=0
DEBUG pak entry: [data/mainSprites] len=16 vs searching [gfx/sprites/eyeDroid2Left2.png] len=30
DEBUG found match: location=4619229 cSize=485 fSize=474
DEBUG fread result=485 expected=485 ferror=0
DEBUG pak entry: [data/mainSprites] len=16 vs searching [gfx/sprites/eyeDroid2Left3.png] len=30
DEBUG found match: location=4619714 cSize=483 fSize=472
DEBUG fread result=483 expected=483 ferror=0
DEBUG pak entry: [data/mainSprites] len=16 vs searching [gfx/sprites/eyeDroid2Left4.png] len=30
DEBUG found match: location=4620197 cSize=486 fSize=475
DEBUG fread result=486 expected=486 ferror=0
DEBUG pak entry: [data/mainSprites] len=16 vs searching [gfx/sprites/eyeDroid2Right1.png] len=31
DEBUG found match: location=4620683 cSize=490 fSize=479
DEBUG fread result=490 expected=490 ferror=0
DEBUG pak entry: [data/mainSprites] len=16 vs searching [gfx/sprites/eyeDroid2Right2.png] len=31
DEBUG found match: location=4621173 cSize=476 fSize=465
DEBUG fread result=476 expected=476 ferror=0
DEBUG pak entry: [data/mainSprites] len=16 vs searching [gfx/sprites/eyeDroid2Right3.png] len=31
DEBUG found match: location=4621649 cSize=475 fSize=464
DEBUG fread result=475 expected=475 ferror=0
DEBUG pak entry: [data/mainSprites] len=16 vs searching [gfx/sprites/eyeDroid2Right4.png] len=31
DEBUG found match: location=4622124 cSize=476 fSize=465
DEBUG fread result=476 expected=476 ferror=0
DEBUG pak entry: [data/mainSprites] len=16 vs searching [gfx/sprites/eyeDroid2Death.png] len=30
DEBUG found match: location=4617971 cSize=765 fSize=754
DEBUG fread result=765 expected=765 ferror=0
DEBUG pak entry: [data/mainSprites] len=16 vs searching [gfx/sprites/eyeDroid2Left1.png] len=30
DEBUG found match: location=4618736 cSize=493 fSize=482
DEBUG fread result=493 expected=493 ferror=0
DEBUG pak entry: [data/mainSprites] len=16 vs searching [gfx/sprites/eyeDroid2Left2.png] len=30
DEBUG found match: location=4619229 cSize=485 fSize=474
DEBUG fread result=485 expected=485 ferror=0
DEBUG pak entry: [data/mainSprites] len=16 vs searching [gfx/sprites/eyeDroid2Left3.png] len=30
DEBUG found match: location=4619714 cSize=483 fSize=472
DEBUG fread result=483 expected=483 ferror=0
DEBUG pak entry: [data/mainSprites] len=16 vs searching [gfx/sprites/eyeDroid2Left4.png] len=30
DEBUG found match: location=4620197 cSize=486 fSize=475
DEBUG fread result=486 expected=486 ferror=0
DEBUG pak entry: [data/mainSprites] len=16 vs searching [gfx/sprites/eyeDroid2Right1.png] len=31
DEBUG found match: location=4620683 cSize=490 fSize=479
DEBUG fread result=490 expected=490 ferror=0
DEBUG pak entry: [data/mainSprites] len=16 vs searching [gfx/sprites/eyeDroid2Right2.png] len=31
DEBUG found match: location=4621173 cSize=476 fSize=465
DEBUG fread result=476 expected=476 ferror=0
DEBUG pak entry: [data/mainSprites] len=16 vs searching [gfx/sprites/eyeDroid2Right3.png] len=31
DEBUG found match: location=4621649 cSize=475 fSize=464
DEBUG fread result=475 expected=475 ferror=0
DEBUG pak entry: [data/mainSprites] len=16 vs searching [gfx/sprites/eyeDroid2Right4.png] len=31
DEBUG found match: location=4622124 cSize=476 fSize=465
DEBUG fread result=476 expected=476 ferror=0
DEBUG pak entry: [data/mainSprites] len=16 vs searching [gfx/sprites/eyeDroid2Death.png] len=30
DEBUG found match: location=4617971 cSize=765 fSize=754
DEBUG fread result=765 expected=765 ferror=0
DEBUG pak entry: [data/mainSprites] len=16 vs searching [gfx/sprites/eyeDroid2Left1.png] len=30
DEBUG found match: location=4618736 cSize=493 fSize=482
DEBUG fread result=493 expected=493 ferror=0
DEBUG pak entry: [data/mainSprites] len=16 vs searching [gfx/sprites/eyeDroid2Left2.png] len=30
DEBUG found match: location=4619229 cSize=485 fSize=474
DEBUG fread result=485 expected=485 ferror=0
DEBUG pak entry: [data/mainSprites] len=16 vs searching [gfx/sprites/eyeDroid2Left3.png] len=30
DEBUG found match: location=4619714 cSize=483 fSize=472
DEBUG fread result=483 expected=483 ferror=0
DEBUG pak entry: [data/mainSprites] len=16 vs searching [gfx/sprites/eyeDroid2Left4.png] len=30
DEBUG found match: location=4620197 cSize=486 fSize=475
DEBUG fread result=486 expected=486 ferror=0
DEBUG pak entry: [data/mainSprites] len=16 vs searching [gfx/sprites/eyeDroid2Right1.png] len=31
DEBUG found match: location=4620683 cSize=490 fSize=479
DEBUG fread result=490 expected=490 ferror=0
DEBUG pak entry: [data/mainSprites] len=16 vs searching [gfx/sprites/eyeDroid2Right2.png] len=31
DEBUG found match: location=4621173 cSize=476 fSize=465
DEBUG fread result=476 expected=476 ferror=0
DEBUG pak entry: [data/mainSprites] len=16 vs searching [gfx/sprites/eyeDroid2Right3.png] len=31
DEBUG found match: location=4621649 cSize=475 fSize=464
DEBUG fread result=475 expected=475 ferror=0
DEBUG pak entry: [data/mainSprites] len=16 vs searching [gfx/sprites/eyeDroid2Right4.png] len=31
DEBUG found match: location=4622124 cSize=476 fSize=465
DEBUG fread result=476 expected=476 ferror=0
DEBUG pak entry: [data/mainSprites] len=16 vs searching [gfx/sprites/eyeDroid2Death.png] len=30
DEBUG found match: location=4617971 cSize=765 fSize=754
DEBUG fread result=765 expected=765 ferror=0
DEBUG pak entry: [data/mainSprites] len=16 vs searching [gfx/sprites/spiderBlobRight1.png] len=32
DEBUG found match: location=4701998 cSize=486 fSize=475
DEBUG fread result=486 expected=486 ferror=0
DEBUG pak entry: [data/mainSprites] len=16 vs searching [gfx/sprites/spiderBlobRight2.png] len=32
DEBUG found match: location=4702484 cSize=487 fSize=476
DEBUG fread result=487 expected=487 ferror=0
DEBUG pak entry: [data/mainSprites] len=16 vs searching [gfx/sprites/spiderBlobRight3.png] len=32
DEBUG found match: location=4702971 cSize=482 fSize=473
DEBUG fread result=482 expected=482 ferror=0
DEBUG pak entry: [data/mainSprites] len=16 vs searching [gfx/sprites/spiderBlobRight2.png] len=32
DEBUG found match: location=4702484 cSize=487 fSize=476
DEBUG fread result=487 expected=487 ferror=0
DEBUG pak entry: [data/mainSprites] len=16 vs searching [gfx/sprites/spiderBlobLeft1.png] len=31
DEBUG found match: location=4700539 cSize=490 fSize=479
DEBUG fread result=490 expected=490 ferror=0
DEBUG pak entry: [data/mainSprites] len=16 vs searching [gfx/sprites/spiderBlobLeft2.png] len=31
DEBUG found match: location=4701029 cSize=486 fSize=475
DEBUG fread result=486 expected=486 ferror=0
DEBUG pak entry: [data/mainSprites] len=16 vs searching [gfx/sprites/spiderBlobLeft3.png] len=31
DEBUG found match: location=4701515 cSize=483 fSize=472
DEBUG fread result=483 expected=483 ferror=0
DEBUG pak entry: [data/mainSprites] len=16 vs searching [gfx/sprites/spiderBlobLeft2.png] len=31
DEBUG found match: location=4701029 cSize=486 fSize=475
DEBUG fread result=486 expected=486 ferror=0
DEBUG pak entry: [data/mainSprites] len=16 vs searching [gfx/sprites/spiderBlobRight1.png] len=32
DEBUG found match: location=4701998 cSize=486 fSize=475
DEBUG fread result=486 expected=486 ferror=0
DEBUG pak entry: [data/mainSprites] len=16 vs searching [gfx/sprites/spiderBlobSpin1.png] len=31
DEBUG found match: location=4703931 cSize=483 fSize=472
DEBUG fread result=483 expected=483 ferror=0
DEBUG pak entry: [data/mainSprites] len=16 vs searching [gfx/sprites/spiderBlobSpin2.png] len=31
DEBUG found match: location=4704414 cSize=485 fSize=474
DEBUG fread result=485 expected=485 ferror=0
DEBUG pak entry: [data/mainSprites] len=16 vs searching [gfx/sprites/spiderBlobSpin3.png] len=31
DEBUG found match: location=4704899 cSize=487 fSize=476
DEBUG fread result=487 expected=487 ferror=0
DEBUG pak entry: [data/mainSprites] len=16 vs searching [gfx/sprites/spiderBlobRight1.png] len=32
DEBUG found match: location=4701998 cSize=486 fSize=475
DEBUG fread result=486 expected=486 ferror=0
DEBUG pak entry: [data/mainSprites] len=16 vs searching [gfx/sprites/spiderBlobRight2.png] len=32
DEBUG found match: location=4702484 cSize=487 fSize=476
DEBUG fread result=487 expected=487 ferror=0
DEBUG pak entry: [data/mainSprites] len=16 vs searching [gfx/sprites/spiderBlobRight3.png] len=32
DEBUG found match: location=4702971 cSize=482 fSize=473
DEBUG fread result=482 expected=482 ferror=0
DEBUG pak entry: [data/mainSprites] len=16 vs searching [gfx/sprites/spiderBlobRight2.png] len=32
DEBUG found match: location=4702484 cSize=487 fSize=476
DEBUG fread result=487 expected=487 ferror=0
DEBUG pak entry: [data/mainSprites] len=16 vs searching [gfx/sprites/spiderBlobLeft1.png] len=31
DEBUG found match: location=4700539 cSize=490 fSize=479
DEBUG fread result=490 expected=490 ferror=0
DEBUG pak entry: [data/mainSprites] len=16 vs searching [gfx/sprites/spiderBlobLeft2.png] len=31
DEBUG found match: location=4701029 cSize=486 fSize=475
DEBUG fread result=486 expected=486 ferror=0
DEBUG pak entry: [data/mainSprites] len=16 vs searching [gfx/sprites/spiderBlobLeft3.png] len=31
DEBUG found match: location=4701515 cSize=483 fSize=472
DEBUG fread result=483 expected=483 ferror=0
DEBUG pak entry: [data/mainSprites] len=16 vs searching [gfx/sprites/spiderBlobLeft2.png] len=31
DEBUG found match: location=4701029 cSize=486 fSize=475
DEBUG fread result=486 expected=486 ferror=0
DEBUG pak entry: [data/mainSprites] len=16 vs searching [gfx/sprites/spiderBlobRight1.png] len=32
DEBUG found match: location=4701998 cSize=486 fSize=475
DEBUG fread result=486 expected=486 ferror=0
DEBUG pak entry: [data/mainSprites] len=16 vs searching [gfx/sprites/spiderBlobSpin1.png] len=31
DEBUG found match: location=4703931 cSize=483 fSize=472
DEBUG fread result=483 expected=483 ferror=0
DEBUG pak entry: [data/mainSprites] len=16 vs searching [gfx/sprites/spiderBlobSpin2.png] len=31
DEBUG found match: location=4704414 cSize=485 fSize=474
DEBUG fread result=485 expected=485 ferror=0
DEBUG pak entry: [data/mainSprites] len=16 vs searching [gfx/sprites/spiderBlobSpin3.png] len=31
DEBUG found match: location=4704899 cSize=487 fSize=476
DEBUG fread result=487 expected=487 ferror=0
DEBUG pak entry: [data/mainSprites] len=16 vs searching [gfx/sprites/spiderBlobRight1.png] len=32
DEBUG found match: location=4701998 cSize=486 fSize=475
DEBUG fread result=486 expected=486 ferror=0
DEBUG pak entry: [data/mainSprites] len=16 vs searching [gfx/sprites/spiderBlobRight2.png] len=32
DEBUG found match: location=4702484 cSize=487 fSize=476
DEBUG fread result=487 expected=487 ferror=0
DEBUG pak entry: [data/mainSprites] len=16 vs searching [gfx/sprites/spiderBlobRight3.png] len=32
DEBUG found match: location=4702971 cSize=482 fSize=473
DEBUG fread result=482 expected=482 ferror=0
DEBUG pak entry: [data/mainSprites] len=16 vs searching [gfx/sprites/spiderBlobRight2.png] len=32
DEBUG found match: location=4702484 cSize=487 fSize=476
DEBUG fread result=487 expected=487 ferror=0
DEBUG pak entry: [data/mainSprites] len=16 vs searching [gfx/sprites/spiderBlobLeft1.png] len=31
DEBUG found match: location=4700539 cSize=490 fSize=479
DEBUG fread result=490 expected=490 ferror=0
DEBUG pak entry: [data/mainSprites] len=16 vs searching [gfx/sprites/spiderBlobLeft2.png] len=31
DEBUG found match: location=4701029 cSize=486 fSize=475
DEBUG fread result=486 expected=486 ferror=0
DEBUG pak entry: [data/mainSprites] len=16 vs searching [gfx/sprites/spiderBlobLeft3.png] len=31
DEBUG found match: location=4701515 cSize=483 fSize=472
DEBUG fread result=483 expected=483 ferror=0
DEBUG pak entry: [data/mainSprites] len=16 vs searching [gfx/sprites/spiderBlobLeft2.png] len=31
DEBUG found match: location=4701029 cSize=486 fSize=475
DEBUG fread result=486 expected=486 ferror=0
DEBUG pak entry: [data/mainSprites] len=16 vs searching [gfx/sprites/spiderBlobRight1.png] len=32
DEBUG found match: location=4701998 cSize=486 fSize=475
DEBUG fread result=486 expected=486 ferror=0
DEBUG pak entry: [data/mainSprites] len=16 vs searching [gfx/sprites/spiderBlobSpin1.png] len=31
DEBUG found match: location=4703931 cSize=483 fSize=472
DEBUG fread result=483 expected=483 ferror=0
DEBUG pak entry: [data/mainSprites] len=16 vs searching [gfx/sprites/spiderBlobSpin2.png] len=31
DEBUG found match: location=4704414 cSize=485 fSize=474
DEBUG fread result=485 expected=485 ferror=0
DEBUG pak entry: [data/mainSprites] len=16 vs searching [gfx/sprites/spiderBlobSpin3.png] len=31
DEBUG found match: location=4704899 cSize=487 fSize=476
DEBUG fread result=487 expected=487 ferror=0
DEBUG pak entry: [data/mainSprites] len=16 vs searching [gfx/sprites/spiderBlobRight1.png] len=32
DEBUG found match: location=4701998 cSize=486 fSize=475
DEBUG fread result=486 expected=486 ferror=0
DEBUG pak entry: [data/mainSprites] len=16 vs searching [gfx/sprites/spiderBlobRight2.png] len=32
DEBUG found match: location=4702484 cSize=487 fSize=476
DEBUG fread result=487 expected=487 ferror=0
DEBUG pak entry: [data/mainSprites] len=16 vs searching [gfx/sprites/spiderBlobRight3.png] len=32
DEBUG found match: location=4702971 cSize=482 fSize=473
DEBUG fread result=482 expected=482 ferror=0
DEBUG pak entry: [data/mainSprites] len=16 vs searching [gfx/sprites/spiderBlobRight2.png] len=32
DEBUG found match: location=4702484 cSize=487 fSize=476
DEBUG fread result=487 expected=487 ferror=0
DEBUG pak entry: [data/mainSprites] len=16 vs searching [gfx/sprites/spiderBlobLeft1.png] len=31
DEBUG found match: location=4700539 cSize=490 fSize=479
DEBUG fread result=490 expected=490 ferror=0
DEBUG pak entry: [data/mainSprites] len=16 vs searching [gfx/sprites/spiderBlobLeft2.png] len=31
DEBUG found match: location=4701029 cSize=486 fSize=475
DEBUG fread result=486 expected=486 ferror=0
DEBUG pak entry: [data/mainSprites] len=16 vs searching [gfx/sprites/spiderBlobLeft3.png] len=31
DEBUG found match: location=4701515 cSize=483 fSize=472
DEBUG fread result=483 expected=483 ferror=0
DEBUG pak entry: [data/mainSprites] len=16 vs searching [gfx/sprites/spiderBlobLeft2.png] len=31
DEBUG found match: location=4701029 cSize=486 fSize=475
DEBUG fread result=486 expected=486 ferror=0
DEBUG pak entry: [data/mainSprites] len=16 vs searching [gfx/sprites/spiderBlobRight1.png] len=32
DEBUG found match: location=4701998 cSize=486 fSize=475
DEBUG fread result=486 expected=486 ferror=0
DEBUG pak entry: [data/mainSprites] len=16 vs searching [gfx/sprites/spiderBlobSpin1.png] len=31
DEBUG found match: location=4703931 cSize=483 fSize=472
DEBUG fread result=483 expected=483 ferror=0
DEBUG pak entry: [data/mainSprites] len=16 vs searching [gfx/sprites/spiderBlobSpin2.png] len=31
DEBUG found match: location=4704414 cSize=485 fSize=474
DEBUG fread result=485 expected=485 ferror=0
DEBUG pak entry: [data/mainSprites] len=16 vs searching [gfx/sprites/spiderBlobSpin3.png] len=31
DEBUG found match: location=4704899 cSize=487 fSize=476
DEBUG fread result=487 expected=487 ferror=0
DEBUG pak entry: [data/mainSprites] len=16 vs searching [gfx/sprites/plasmaBolt1.png] len=27
DEBUG found match: location=4683733 cSize=105 fSize=106
DEBUG fread result=105 expected=105 ferror=0
DEBUG pak entry: [data/mainSprites] len=16 vs searching [gfx/sprites/plasmaBolt2.png] len=27
DEBUG found match: location=4683838 cSize=109 fSize=110
DEBUG fread result=109 expected=109 ferror=0
DEBUG pak entry: [data/mainSprites] len=16 vs searching [gfx/sprites/plasmaBolt3.png] len=27
DEBUG found match: location=4683947 cSize=107 fSize=108
DEBUG fread result=107 expected=107 ferror=0
DEBUG pak entry: [data/mainSprites] len=16 vs searching [gfx/sprites/plasmaBolt4.png] len=27
DEBUG found match: location=4684054 cSize=107 fSize=108
DEBUG fread result=107 expected=107 ferror=0
DEBUG pak entry: [data/mainSprites] len=16 vs searching [gfx/sprites/laserBolt1.png] len=26
DEBUG found match: location=4670233 cSize=99 fSize=99
DEBUG fread result=99 expected=99 ferror=0
DEBUG pak entry: [data/mainSprites] len=16 vs searching [gfx/sprites/laserBolt1.png] len=26
DEBUG found match: location=4670233 cSize=99 fSize=99
DEBUG fread result=99 expected=99 ferror=0
DEBUG pak entry: [data/mainSprites] len=16 vs searching [gfx/sprites/bubble.png] len=22
DEBUG found match: location=4593401 cSize=86 fSize=85
DEBUG fread result=86 expected=86 ferror=0
DEBUG pak entry: [data/mainSprites] len=16 vs searching [gfx/sprites/bomb.png] len=20
DEBUG found match: location=4592613 cSize=158 fSize=155
DEBUG fread result=158 expected=158 ferror=0
DEBUG pak entry: [data/mainSprites] len=16 vs searching [gfx/sprites/diamond.png] len=23
DEBUG found match: location=4599953 cSize=135 fSize=136
DEBUG fread result=135 expected=135 ferror=0
DEBUG pak entry: [data/mainSprites] len=16 vs searching [gfx/sprites/diamond.png] len=23
DEBUG found match: location=4599953 cSize=135 fSize=136
DEBUG fread result=135 expected=135 ferror=0
DEBUG pak entry: [data/mainSprites] len=16 vs searching [gfx/sprites/diamond.png] len=23
DEBUG found match: location=4599953 cSize=135 fSize=136
DEBUG fread result=135 expected=135 ferror=0
DEBUG pak entry: [data/mainSprites] len=16 vs searching [gfx/sprites/diamond.png] len=23
DEBUG found match: location=4599953 cSize=135 fSize=136
DEBUG fread result=135 expected=135 ferror=0
DEBUG pak entry: [data/mainSprites] len=16 vs searching [gfx/sprites/diamond.png] len=23
DEBUG found match: location=4599953 cSize=135 fSize=136
DEBUG fread result=135 expected=135 ferror=0
DEBUG pak entry: [data/mainSprites] len=16 vs searching [gfx/sprites/bubble.png] len=22
DEBUG found match: location=4593401 cSize=86 fSize=85
DEBUG fread result=86 expected=86 ferror=0
DEBUG pak entry: [data/mainSprites] len=16 vs searching [gfx/sprites/stalagtite.png] len=26
DEBUG found match: location=4708835 cSize=1547 fSize=1536
DEBUG fread result=1547 expected=1547 ferror=0
DEBUG pak entry: [data/mainSprites] len=16 vs searching [gfx/sprites/stalagPiece1.png] len=28
DEBUG found match: location=4706552 cSize=592 fSize=581
DEBUG fread result=592 expected=592 ferror=0
DEBUG pak entry: [data/mainSprites] len=16 vs searching [gfx/sprites/stalagPiece2.png] len=28
DEBUG found match: location=4707144 cSize=551 fSize=540
DEBUG fread result=551 expected=551 ferror=0
DEBUG pak entry: [data/mainSprites] len=16 vs searching [gfx/sprites/stalagPiece3.png] len=28
DEBUG found match: location=4707695 cSize=564 fSize=553
DEBUG fread result=564 expected=564 ferror=0
DEBUG pak entry: [data/mainSprites] len=16 vs searching [gfx/sprites/stalagPiece4.png] len=28
DEBUG found match: location=4708259 cSize=576 fSize=565
DEBUG fread result=576 expected=576 ferror=0
DEBUG pak entry: [data/mainSprites] len=16 vs searching [gfx/sprites/miaSignal1.png] len=26
DEBUG found match: location=4678561 cSize=89 fSize=90
DEBUG fread result=89 expected=89 ferror=0
DEBUG pak entry: [data/mainSprites] len=16 vs searching [gfx/sprites/miaSignal2.png] len=26
DEBUG found match: location=4678650 cSize=98 fSize=99
DEBUG fread result=98 expected=98 ferror=0
DEBUG pak entry: [data/mainSprites] len=16 vs searching [gfx/sprites/miaSignal3.png] len=26
DEBUG found match: location=4678748 cSize=106 fSize=106
DEBUG fread result=106 expected=106 ferror=0
DEBUG pak entry: [data/mainSprites] len=16 vs searching [gfx/sprites/miaSignal4.png] len=26
DEBUG found match: location=4678854 cSize=106 fSize=106
DEBUG fread result=106 expected=106 ferror=0
DEBUG pak entry: [data/mainSprites] len=16 vs searching [gfx/sprites/miaSignal5.png] len=26
DEBUG found match: location=4678960 cSize=101 fSize=102
DEBUG fread result=101 expected=101 ferror=0
DEBUG pak entry: [data/mainSprites] len=16 vs searching [gfx/sprites/miaSignal6.png] len=26
DEBUG found match: location=4679061 cSize=81 fSize=82
DEBUG fread result=81 expected=81 ferror=0
DEBUG pak entry: [data/mainSprites] len=16 vs searching [gfx/sprites/miaSignal1.png] len=26
DEBUG found match: location=4678561 cSize=89 fSize=90
DEBUG fread result=89 expected=89 ferror=0
DEBUG pak entry: [data/mainSprites] len=16 vs searching [gfx/sprites/miaSignal2.png] len=26
DEBUG found match: location=4678650 cSize=98 fSize=99
DEBUG fread result=98 expected=98 ferror=0
DEBUG pak entry: [data/mainSprites] len=16 vs searching [gfx/sprites/miaSignal3.png] len=26
DEBUG found match: location=4678748 cSize=106 fSize=106
DEBUG fread result=106 expected=106 ferror=0
DEBUG pak entry: [data/mainSprites] len=16 vs searching [gfx/sprites/miaSignal4.png] len=26
DEBUG found match: location=4678854 cSize=106 fSize=106
DEBUG fread result=106 expected=106 ferror=0
DEBUG pak entry: [data/mainSprites] len=16 vs searching [gfx/sprites/miaSignal5.png] len=26
DEBUG found match: location=4678960 cSize=101 fSize=102
DEBUG fread result=101 expected=101 ferror=0
DEBUG pak entry: [data/mainSprites] len=16 vs searching [gfx/sprites/miaSignal6.png] len=26
DEBUG found match: location=4679061 cSize=81 fSize=82
DEBUG fread result=81 expected=81 ferror=0
DEBUG pak entry: [data/mainSprites] len=16 vs searching [gfx/sprites/miaSignal1.png] len=26
DEBUG found match: location=4678561 cSize=89 fSize=90
DEBUG fread result=89 expected=89 ferror=0
DEBUG pak entry: [data/mainSprites] len=16 vs searching [gfx/sprites/miaSignal2.png] len=26
DEBUG found match: location=4678650 cSize=98 fSize=99
DEBUG fread result=98 expected=98 ferror=0
DEBUG pak entry: [data/mainSprites] len=16 vs searching [gfx/sprites/miaSignal3.png] len=26
DEBUG found match: location=4678748 cSize=106 fSize=106
DEBUG fread result=106 expected=106 ferror=0
DEBUG pak entry: [data/mainSprites] len=16 vs searching [gfx/sprites/miaSignal4.png] len=26
DEBUG found match: location=4678854 cSize=106 fSize=106
DEBUG fread result=106 expected=106 ferror=0
DEBUG pak entry: [data/mainSprites] len=16 vs searching [gfx/sprites/miaSignal5.png] len=26
DEBUG found match: location=4678960 cSize=101 fSize=102
DEBUG fread result=101 expected=101 ferror=0
DEBUG pak entry: [data/mainSprites] len=16 vs searching [gfx/sprites/miaSignal6.png] len=26
DEBUG found match: location=4679061 cSize=81 fSize=82
DEBUG fread result=81 expected=81 ferror=0
DEBUG pak entry: [data/mainSprites] len=16 vs searching [gfx/sprites/miaSignal1.png] len=26
DEBUG found match: location=4678561 cSize=89 fSize=90
DEBUG fread result=89 expected=89 ferror=0
DEBUG pak entry: [data/mainSprites] len=16 vs searching [gfx/sprites/miaSignal2.png] len=26
DEBUG found match: location=4678650 cSize=98 fSize=99
DEBUG fread result=98 expected=98 ferror=0
DEBUG pak entry: [data/mainSprites] len=16 vs searching [gfx/sprites/miaSignal3.png] len=26
DEBUG found match: location=4678748 cSize=106 fSize=106
DEBUG fread result=106 expected=106 ferror=0
DEBUG pak entry: [data/mainSprites] len=16 vs searching [gfx/sprites/miaSignal4.png] len=26
DEBUG found match: location=4678854 cSize=106 fSize=106
DEBUG fread result=106 expected=106 ferror=0
DEBUG pak entry: [data/mainSprites] len=16 vs searching [gfx/sprites/miaSignal5.png] len=26
DEBUG found match: location=4678960 cSize=101 fSize=102
DEBUG fread result=101 expected=101 ferror=0
DEBUG pak entry: [data/mainSprites] len=16 vs searching [gfx/sprites/miaSignal6.png] len=26
DEBUG found match: location=4679061 cSize=81 fSize=82
DEBUG fread result=81 expected=81 ferror=0
DEBUG pak entry: [data/mainSprites] len=16 vs searching [gfx/sprites/scannerArrowUp.png] len=30
DEBUG found match: location=4698008 cSize=129 fSize=128
DEBUG fread result=129 expected=129 ferror=0
DEBUG pak entry: [data/mainSprites] len=16 vs searching [gfx/sprites/scannerArrowRight.png] len=33
DEBUG found match: location=4697876 cSize=132 fSize=130
DEBUG fread result=132 expected=132 ferror=0
DEBUG pak entry: [data/mainSprites] len=16 vs searching [gfx/sprites/scannerArrowDown.png] len=32
DEBUG found match: location=4697610 cSize=131 fSize=129
DEBUG fread result=131 expected=131 ferror=0
DEBUG pak entry: [data/mainSprites] len=16 vs searching [gfx/sprites/scannerArrowLeft.png] len=32
DEBUG found match: location=4697741 cSize=135 fSize=133
DEBUG fread result=135 expected=135 ferror=0
DEBUG pak entry: [data/mainSprites] len=16 vs searching [gfx/sprites/scannerArrowUp.png] len=30
DEBUG found match: location=4698008 cSize=129 fSize=128
DEBUG fread result=129 expected=129 ferror=0
DEBUG pak entry: [data/mainSprites] len=16 vs searching [gfx/sprites/scannerArrowRight.png] len=33
DEBUG found match: location=4697876 cSize=132 fSize=130
DEBUG fread result=132 expected=132 ferror=0
DEBUG pak entry: [data/mainSprites] len=16 vs searching [gfx/sprites/scannerArrowDown.png] len=32
DEBUG found match: location=4697610 cSize=131 fSize=129
DEBUG fread result=131 expected=131 ferror=0
DEBUG pak entry: [data/mainSprites] len=16 vs searching [gfx/sprites/scannerArrowLeft.png] len=32
DEBUG found match: location=4697741 cSize=135 fSize=133
DEBUG fread result=135 expected=135 ferror=0
DEBUG pak entry: [data/mainSprites] len=16 vs searching [gfx/sprites/scannerArrowUp.png] len=30
DEBUG found match: location=4698008 cSize=129 fSize=128
DEBUG fread result=129 expected=129 ferror=0
DEBUG pak entry: [data/mainSprites] len=16 vs searching [gfx/sprites/scannerArrowRight.png] len=33
DEBUG found match: location=4697876 cSize=132 fSize=130
DEBUG fread result=132 expected=132 ferror=0
DEBUG pak entry: [data/mainSprites] len=16 vs searching [gfx/sprites/scannerArrowDown.png] len=32
DEBUG found match: location=4697610 cSize=131 fSize=129
DEBUG fread result=131 expected=131 ferror=0
DEBUG pak entry: [data/mainSprites] len=16 vs searching [gfx/sprites/scannerArrowLeft.png] len=32
DEBUG found match: location=4697741 cSize=135 fSize=133
DEBUG fread result=135 expected=135 ferror=0
DEBUG pak entry: [data/mainSprites] len=16 vs searching [sound/waterIn] len=13
DEBUG found match: location=5969661 cSize=20351 fSize=32170
DEBUG fread result=20351 expected=20351 ferror=0
DEBUG pak entry: [data/mainSprites] len=16 vs searching [sound/waterOut] len=14
DEBUG found match: location=5990012 cSize=21189 fSize=31986
DEBUG fread result=21189 expected=21189 ferror=0
DEBUG pak entry: [data/mainSprites] len=16 vs searching [sound/item] len=10
DEBUG found match: location=5570731 cSize=23152 fSize=47257
DEBUG fread result=23152 expected=23152 ferror=0
DEBUG pak entry: [data/mainSprites] len=16 vs searching [sound/pistol] len=12
DEBUG found match: location=5675118 cSize=6468 fSize=10172
DEBUG fread result=6468 expected=6468 ferror=0
DEBUG pak entry: [data/mainSprites] len=16 vs searching [sound/rico1] len=11
DEBUG found match: location=5733881 cSize=23227 fSize=33208
DEBUG fread result=23227 expected=23227 ferror=0
DEBUG pak entry: [data/mainSprites] len=16 vs searching [sound/rico2] len=11
DEBUG found match: location=5757108 cSize=5584 fSize=6665
DEBUG fread result=5584 expected=5584 ferror=0
DEBUG pak entry: [data/mainSprites] len=16 vs searching [sound/machinegun] len=16
DEBUG found match: location=5667855 cSize=5624 fSize=7258
DEBUG fread result=5624 expected=5624 ferror=0
DEBUG pak entry: [data/mainSprites] len=16 vs searching [sound/death1] len=12
DEBUG found match: location=5096972 cSize=18976 fSize=33185
DEBUG fread result=18976 expected=18976 ferror=0
DEBUG pak entry: [data/mainSprites] len=16 vs searching [sound/death2] len=12
DEBUG found match: location=5115948 cSize=9624 fSize=15245
DEBUG fread result=9624 expected=9624 ferror=0
DEBUG pak entry: [data/mainSprites] len=16 vs searching [sound/death3] len=12
DEBUG found match: location=5125572 cSize=9646 fSize=15245
DEBUG fread result=9646 expected=9646 ferror=0
DEBUG pak entry: [data/mainSprites] len=16 vs searching [sound/grenade] len=13
DEBUG found match: location=5538052 cSize=26037 fSize=55996
DEBUG fread result=26037 expected=26037 ferror=0
DEBUG pak entry: [data/mainSprites] len=16 vs searching [sound/rocket] len=12
DEBUG found match: location=5762692 cSize=24963 fSize=34125
DEBUG fread result=24963 expected=24963 ferror=0
DEBUG pak entry: [data/mainSprites] len=16 vs searching [sound/fireball] len=14
DEBUG found match: location=5432923 cSize=20551 fSize=33113
DEBUG fread result=20551 expected=20551 ferror=0
DEBUG pak entry: [data/mainSprites] len=16 vs searching [sound/punch] len=11
DEBUG found match: location=5698298 cSize=5520 fSize=10239
DEBUG fread result=5520 expected=5520 ferror=0
DEBUG pak entry: [data/mainSprites] len=16 vs searching [sound/splat] len=11
DEBUG found match: location=5809467 cSize=3539 fSize=9964
DEBUG fread result=3539 expected=3539 ferror=0
DEBUG pak entry: [data/mainSprites] len=16 vs searching [sound/pop1] len=10
DEBUG found match: location=5696358 cSize=1940 fSize=3578
DEBUG fread result=1940 expected=1940 ferror=0
DEBUG pak entry: [data/mainSprites] len=16 vs searching [sound/teleport1] len=15
DEBUG found match: location=5891416 cSize=32206 fSize=33235
DEBUG fread result=32206 expected=32206 ferror=0
DEBUG pak entry: [data/mainSprites] len=16 vs searching [sound/teleport2] len=15
DEBUG found match: location=5923622 cSize=31678 fSize=36274
DEBUG fread result=31678 expected=31678 ferror=0
DEBUG pak entry: [data/mainSprites] len=16 vs searching [sound/teleport3] len=15
DEBUG found match: location=5955300 cSize=10932 fSize=14238
DEBUG fread result=10932 expected=10932 ferror=0
DEBUG pak entry: [data/mainSprites] len=16 vs searching [sound/weaponPickup] len=18
DEBUG found match: location=6011201 cSize=3740 fSize=5850
DEBUG fread result=3740 expected=3740 ferror=0
DEBUG pak entry: [data/mainSprites] len=16 vs searching [sound/laser] len=11
DEBUG found match: location=5593883 cSize=9758 fSize=11953
DEBUG fread result=9758 expected=9758 ferror=0
DEBUG pak entry: [data/mainSprites] len=16 vs searching [sound/elecDeath1] len=16
DEBUG found match: location=5309836 cSize=6261 fSize=9481
DEBUG fread result=6261 expected=6261 ferror=0
DEBUG pak entry: [data/mainSprites] len=16 vs searching [sound/elecDeath2] len=16
DEBUG found match: location=5316097 cSize=7548 fSize=11655
DEBUG fread result=7548 expected=7548 ferror=0
DEBUG pak entry: [data/mainSprites] len=16 vs searching [sound/elecDeath3] len=16
DEBUG found match: location=5323645 cSize=9854 fSize=15851
DEBUG fread result=9854 expected=9854 ferror=0
DEBUG pak entry: [data/mainSprites] len=16 vs searching [sound/doorLocked] len=16
DEBUG found match: location=5135218 cSize=21497 fSize=38589
DEBUG fread result=21497 expected=21497 ferror=0
DEBUG pak entry: [data/mainSprites] len=16 vs searching [sound/doorOpen] len=14
DEBUG found match: location=5156715 cSize=35830 fSize=99371
DEBUG fread result=35830 expected=35830 ferror=0
DEBUG pak entry: [data/mainSprites] len=16 vs searching [sound/doorOpened] len=16
DEBUG found match: location=5192545 cSize=16239 fSize=50962
DEBUG fread result=16239 expected=16239 ferror=0
DEBUG pak entry: [data/mainSprites] len=16 vs searching [sound/switch] len=12
DEBUG found match: location=5823779 cSize=3679 fSize=6340
DEBUG fread result=3679 expected=3679 ferror=0
DEBUG pak entry: [data/mainSprites] len=16 vs searching [sound/switch] len=12
DEBUG found match: location=5823779 cSize=3679 fSize=6340
DEBUG fread result=3679 expected=3679 ferror=0
DEBUG pak entry: [data/mainSprites] len=16 vs searching [sound/drowning] len=14
DEBUG found match: location=5294524 cSize=11503 fSize=32359
DEBUG fread result=11503 expected=11503 ferror=0
DEBUG pak entry: [data/mainSprites] len=16 vs searching [sound/gulp] len=10
DEBUG found match: location=5568390 cSize=2341 fSize=7579
DEBUG fread result=2341 expected=2341 ferror=0
DEBUG pak entry: [data/mainSprites] len=16 vs searching [sound/eat] len=9
DEBUG found match: location=5306027 cSize=3809 fSize=8578
DEBUG fread result=3809 expected=3809 ferror=0
DEBUG pak entry: [data/mainSprites] len=16 vs searching [sound/throw] len=11
DEBUG found match: location=5966232 cSize=3429 fSize=4617
DEBUG fread result=3429 expected=3429 ferror=0
DEBUG pak entry: [data/mainSprites] len=16 vs searching [sound/grenadeBounce] len=19
DEBUG found match: location=5564089 cSize=4301 fSize=13208
DEBUG fread result=4301 expected=4301 ferror=0
DEBUG pak entry: [data/mainSprites] len=16 vs searching [sound/plasma] len=12
DEBUG found match: location=5681586 cSize=14772 fSize=21315
DEBUG fread result=14772 expected=14772 ferror=0
DEBUG pak entry: [data/mainSprites] len=16 vs searching [sound/stoneBreak] len=16
DEBUG found match: location=5813006 cSize=10773 fSize=11538
DEBUG fread result=10773 expected=10773 ferror=0
DEBUG pak entry: [data/mainSprites] len=16 vs searching [sound/electricity1] len=18
DEBUG found match: location=5333499 cSize=9070 fSize=9627
DEBUG fread result=9070 expected=9070 ferror=0
DEBUG pak entry: [data/mainSprites] len=16 vs searching [sound/electricity2] len=18
DEBUG found match: location=5342569 cSize=81358 fSize=103797
DEBUG fread result=81358 expected=81358 ferror=0
DEBUG pak entry: [data/mainSprites] len=16 vs searching [sound/electricity3] len=18
DEBUG found match: location=5423927 cSize=8939 fSize=22434
DEBUG fread result=8939 expected=8939 ferror=0
DEBUG pak entry: [data/mainSprites] len=16 vs searching [sound/clang] len=11
DEBUG found match: location=5022988 cSize=8020 fSize=8606
DEBUG fread result=8020 expected=8020 ferror=0
DEBUG pak entry: [data/mainSprites] len=16 vs searching [sound/fireCrackle] len=17
DEBUG found match: location=5453474 cSize=9053 fSize=17627
DEBUG fread result=9053 expected=9053 ferror=0
DEBUG pak entry: [data/mainSprites] len=16 vs searching [sound/clock] len=11
DEBUG found match: location=5031008 cSize=3145 fSize=6400
DEBUG fread result=3145 expected=3145 ferror=0
DEBUG pak entry: [data/mainSprites] len=16 vs searching [data/weapons] len=12
DEBUG found match: location=991653 cSize=570 fSize=1702
DEBUG fread result=570 expected=570 ferror=0
DEBUG found match: location=128085 cSize=407 fSize=1551
DEBUG fread result=407 expected=407 ferror=0
DEBUG found match: location=129370 cSize=225 fSize=441
DEBUG fread result=225 expected=225 ferror=0
DEBUG loadImage: filename=[gfx/common/1.png]
DEBUG pak entry: [data/mainSprites] len=16 vs searching [gfx/common/1.png] len=16
DEBUG found match: location=1980671 cSize=94 fSize=96
DEBUG fread result=94 expected=94 ferror=0
DEBUG loadImage: filename=[gfx/common/2.png]
DEBUG pak entry: [data/mainSprites] len=16 vs searching [gfx/common/2.png] len=16
DEBUG found match: location=1982041 cSize=1316 fSize=1305
DEBUG fread result=1316 expected=1316 ferror=0
DEBUG loadImage: filename=[gfx/common/3.png]
DEBUG pak entry: [data/mainSprites] len=16 vs searching [gfx/common/3.png] len=16
DEBUG found match: location=1994826 cSize=94 fSize=96
DEBUG fread result=94 expected=94 ferror=0
DEBUG loadImage: filename=[gfx/common/196.png]
DEBUG pak entry: [data/mainSprites] len=16 vs searching [gfx/common/196.png] len=18
DEBUG found match: location=1980765 cSize=326 fSize=315
DEBUG fread result=326 expected=326 ferror=0
DEBUG loadImage: filename=[gfx/common/197.png]
DEBUG pak entry: [data/mainSprites] len=16 vs searching [gfx/common/197.png] len=18
DEBUG found match: location=1981091 cSize=322 fSize=311
DEBUG fread result=322 expected=322 ferror=0
DEBUG loadImage: filename=[gfx/common/198.png]
DEBUG pak entry: [data/mainSprites] len=16 vs searching [gfx/common/198.png] len=18
DEBUG found match: location=1981413 cSize=340 fSize=329
DEBUG fread result=340 expected=340 ferror=0
DEBUG loadImage: filename=[gfx/common/199.png]
DEBUG pak entry: [data/mainSprites] len=16 vs searching [gfx/common/199.png] len=18
DEBUG found match: location=1981753 cSize=288 fSize=282
DEBUG fread result=288 expected=288 ferror=0
DEBUG loadImage: filename=[gfx/common/200.png]
DEBUG pak entry: [data/mainSprites] len=16 vs searching [gfx/common/200.png] len=18
DEBUG found match: location=1983357 cSize=136 fSize=142
DEBUG fread result=136 expected=136 ferror=0
DEBUG loadImage: filename=[gfx/common/201.png]
DEBUG pak entry: [data/mainSprites] len=16 vs searching [gfx/common/201.png] len=18
DEBUG found match: location=1983493 cSize=151 fSize=155
DEBUG fread result=151 expected=151 ferror=0
DEBUG loadImage: filename=[gfx/common/202.png]
DEBUG pak entry: [data/mainSprites] len=16 vs searching [gfx/common/202.png] len=18
DEBUG found match: location=1983644 cSize=136 fSize=142
DEBUG fread result=136 expected=136 ferror=0
DEBUG loadImage: filename=[gfx/common/203.png]
DEBUG pak entry: [data/mainSprites] len=16 vs searching [gfx/common/203.png] len=18
DEBUG found match: location=1983780 cSize=144 fSize=140
DEBUG fread result=144 expected=144 ferror=0
DEBUG loadImage: filename=[gfx/common/204.png]
DEBUG pak entry: [data/mainSprites] len=16 vs searching [gfx/common/204.png] len=18
DEBUG found match: location=1983924 cSize=128 fSize=136
DEBUG fread result=128 expected=128 ferror=0
DEBUG loadImage: filename=[gfx/common/207.png]
DEBUG pak entry: [data/mainSprites] len=16 vs searching [gfx/common/207.png] len=18
DEBUG found match: location=1984052 cSize=1264 fSize=1253
DEBUG fread result=1264 expected=1264 ferror=0
DEBUG loadImage: filename=[gfx/common/208.png]
DEBUG pak entry: [data/mainSprites] len=16 vs searching [gfx/common/208.png] len=18
DEBUG found match: location=1985316 cSize=1273 fSize=1277
DEBUG fread result=1273 expected=1273 ferror=0
DEBUG loadImage: filename=[gfx/common/209.png]
DEBUG pak entry: [data/mainSprites] len=16 vs searching [gfx/common/209.png] len=18
DEBUG found match: location=1986589 cSize=1322 fSize=1323
DEBUG fread result=1322 expected=1322 ferror=0
DEBUG loadImage: filename=[gfx/common/210.png]
DEBUG pak entry: [data/mainSprites] len=16 vs searching [gfx/common/210.png] len=18
DEBUG found match: location=1987911 cSize=1299 fSize=1288
DEBUG fread result=1299 expected=1299 ferror=0
DEBUG loadImage: filename=[gfx/common/211.png]
DEBUG pak entry: [data/mainSprites] len=16 vs searching [gfx/common/211.png] len=18
DEBUG found match: location=1989210 cSize=1224 fSize=1228
DEBUG fread result=1224 expected=1224 ferror=0
DEBUG loadImage: filename=[gfx/common/212.png]
DEBUG pak entry: [data/mainSprites] len=16 vs searching [gfx/common/212.png] len=18
DEBUG found match: location=1990434 cSize=1270 fSize=1271
DEBUG fread result=1270 expected=1270 ferror=0
DEBUG loadImage: filename=[gfx/common/214.png]
DEBUG pak entry: [data/mainSprites] len=16 vs searching [gfx/common/214.png] len=18
DEBUG found match: location=1991704 cSize=328 fSize=329
DEBUG fread result=328 expected=328 ferror=0
DEBUG loadImage: filename=[gfx/common/215.png]
DEBUG pak entry: [data/mainSprites] len=16 vs searching [gfx/common/215.png] len=18
DEBUG found match: location=1992032 cSize=367 fSize=362
DEBUG fread result=367 expected=367 ferror=0
DEBUG loadImage: filename=[gfx/common/216.png]
DEBUG pak entry: [data/mainSprites] len=16 vs searching [gfx/common/216.png] len=18
DEBUG found match: location=1992399 cSize=476 fSize=465
DEBUG fread result=476 expected=476 ferror=0
DEBUG loadImage: filename=[gfx/common/217.png]
DEBUG pak entry: [data/mainSprites] len=16 vs searching [gfx/common/217.png] len=18
DEBUG found match: location=1992875 cSize=464 fSize=453
DEBUG fread result=464 expected=464 ferror=0
DEBUG loadImage: filename=[gfx/common/218.png]
DEBUG pak entry: [data/mainSprites] len=16 vs searching [gfx/common/218.png] len=18
DEBUG found match: location=1993339 cSize=491 fSize=480
DEBUG fread result=491 expected=491 ferror=0
DEBUG loadImage: filename=[gfx/common/219.png]
DEBUG pak entry: [data/mainSprites] len=16 vs searching [gfx/common/219.png] len=18
DEBUG found match: location=1993830 cSize=533 fSize=522
DEBUG fread result=533 expected=533 ferror=0
DEBUG loadImage: filename=[gfx/common/220.png]
DEBUG pak entry: [data/mainSprites] len=16 vs searching [gfx/common/220.png] len=18
DEBUG found match: location=1994363 cSize=463 fSize=452
DEBUG fread result=463 expected=463 ferror=0
DEBUG found match: location=174989 cSize=3001 fSize=247358
DEBUG fread result=3001 expected=3001 ferror=0
DEBUG loadImage: filename=[gfx/grasslands/4.png]
DEBUG pak entry: [data/mainSprites] len=16 vs searching [gfx/grasslands/4.png] len=20
DEBUG found match: location=3566539 cSize=2312 fSize=2301
DEBUG fread result=2312 expected=2312 ferror=0
DEBUG loadImage: filename=[gfx/grasslands/5.png]
DEBUG pak entry: [data/mainSprites] len=16 vs searching [gfx/grasslands/5.png] len=20
DEBUG found match: location=3568851 cSize=2312 fSize=2301
DEBUG fread result=2312 expected=2312 ferror=0
DEBUG loadImage: filename=[gfx/grasslands/6.png]
DEBUG pak entry: [data/mainSprites] len=16 vs searching [gfx/grasslands/6.png] len=20
DEBUG found match: location=3571163 cSize=2312 fSize=2301
DEBUG fread result=2312 expected=2312 ferror=0
DEBUG loadImage: filename=[gfx/grasslands/7.png]
DEBUG pak entry: [data/mainSprites] len=16 vs searching [gfx/grasslands/7.png] len=20
DEBUG found match: location=3573475 cSize=2312 fSize=2301
DEBUG fread result=2312 expected=2312 ferror=0
DEBUG loadImage: filename=[gfx/grasslands/8.png]
DEBUG pak entry: [data/mainSprites] len=16 vs searching [gfx/grasslands/8.png] len=20
DEBUG found match: location=3575787 cSize=2312 fSize=2301
DEBUG fread result=2312 expected=2312 ferror=0
DEBUG loadImage: filename=[gfx/grasslands/9.png]
DEBUG pak entry: [data/mainSprites] len=16 vs searching [gfx/grasslands/9.png] len=20
DEBUG found match: location=3578099 cSize=2118 fSize=2107
DEBUG fread result=2118 expected=2118 ferror=0
DEBUG loadImage: filename=[gfx/grasslands/10.png]
DEBUG pak entry: [data/mainSprites] len=16 vs searching [gfx/grasslands/10.png] len=21
DEBUG found match: location=3515035 cSize=1330 fSize=1319
DEBUG fread result=1330 expected=1330 ferror=0
DEBUG loadImage: filename=[gfx/grasslands/11.png]
DEBUG pak entry: [data/mainSprites] len=16 vs searching [gfx/grasslands/11.png] len=21
DEBUG found match: location=3516365 cSize=2590 fSize=2579
DEBUG fread result=2590 expected=2590 ferror=0
DEBUG loadImage: filename=[gfx/grasslands/12.png]
DEBUG pak entry: [data/mainSprites] len=16 vs searching [gfx/grasslands/12.png] len=21
DEBUG found match: location=3526560 cSize=1845 fSize=1834
DEBUG fread result=1845 expected=1845 ferror=0
DEBUG loadImage: filename=[gfx/grasslands/13.png]
DEBUG pak entry: [data/mainSprites] len=16 vs searching [gfx/grasslands/13.png] len=21
DEBUG found match: location=3543827 cSize=2617 fSize=2606
DEBUG fread result=2617 expected=2617 ferror=0
DEBUG loadImage: filename=[gfx/grasslands/14.png]
DEBUG pak entry: [data/mainSprites] len=16 vs searching [gfx/grasslands/14.png] len=21
DEBUG found match: location=3550902 cSize=1853 fSize=1842
DEBUG fread result=1853 expected=1853 ferror=0
DEBUG loadImage: filename=[gfx/grasslands/15.png]
DEBUG pak entry: [data/mainSprites] len=16 vs searching [gfx/grasslands/15.png] len=21
DEBUG found match: location=3552755 cSize=1140 fSize=1154
DEBUG fread result=1140 expected=1140 ferror=0
DEBUG loadImage: filename=[gfx/grasslands/16.png]
DEBUG pak entry: [data/mainSprites] len=16 vs searching [gfx/grasslands/16.png] len=21
DEBUG found match: location=3553895 cSize=1342 fSize=1331
DEBUG fread result=1342 expected=1342 ferror=0
DEBUG loadImage: filename=[gfx/grasslands/17.png]
DEBUG pak entry: [data/mainSprites] len=16 vs searching [gfx/grasslands/17.png] len=21
DEBUG found match: location=3555237 cSize=1336 fSize=1325
DEBUG fread result=1336 expected=1336 ferror=0
DEBUG loadImage: filename=[gfx/grasslands/18.png]
DEBUG pak entry: [data/mainSprites] len=16 vs searching [gfx/grasslands/18.png] len=21
DEBUG found match: location=3556573 cSize=1349 fSize=1338
DEBUG fread result=1349 expected=1349 ferror=0
DEBUG loadImage: filename=[gfx/grasslands/19.png]
DEBUG pak entry: [data/mainSprites] len=16 vs searching [gfx/grasslands/19.png] len=21
DEBUG found match: location=3557922 cSize=1323 fSize=1312
DEBUG fread result=1323 expected=1323 ferror=0
DEBUG loadImage: filename=[gfx/grasslands/20.png]
DEBUG pak entry: [data/mainSprites] len=16 vs searching [gfx/grasslands/20.png] len=21
DEBUG found match: location=3559245 cSize=1402 fSize=1391
DEBUG fread result=1402 expected=1402 ferror=0
DEBUG loadImage: filename=[gfx/grasslands/21.png]
DEBUG pak entry: [data/mainSprites] len=16 vs searching [gfx/grasslands/21.png] len=21
DEBUG found match: location=3560647 cSize=1421 fSize=1410
DEBUG fread result=1421 expected=1421 ferror=0
DEBUG loadImage: filename=[gfx/grasslands/22.png]
DEBUG pak entry: [data/mainSprites] len=16 vs searching [gfx/grasslands/22.png] len=21
DEBUG found match: location=3562068 cSize=1406 fSize=1395
DEBUG fread result=1406 expected=1406 ferror=0
DEBUG loadImage: filename=[gfx/grasslands/23.png]
DEBUG pak entry: [data/mainSprites] len=16 vs searching [gfx/grasslands/23.png] len=21
DEBUG found match: location=3563474 cSize=1394 fSize=1383
DEBUG fread result=1394 expected=1394 ferror=0
DEBUG loadImage: filename=[gfx/grasslands/115.png]
DEBUG pak entry: [data/mainSprites] len=16 vs searching [gfx/grasslands/115.png] len=22
DEBUG found match: location=3518955 cSize=2118 fSize=2107
DEBUG fread result=2118 expected=2118 ferror=0
DEBUG loadImage: filename=[gfx/grasslands/116.png]
DEBUG pak entry: [data/mainSprites] len=16 vs searching [gfx/grasslands/116.png] len=22
DEBUG found match: location=3521073 cSize=1342 fSize=1331
DEBUG fread result=1342 expected=1342 ferror=0
DEBUG loadImage: filename=[gfx/grasslands/117.png]
DEBUG pak entry: [data/mainSprites] len=16 vs searching [gfx/grasslands/117.png] len=22
DEBUG found match: location=3522415 cSize=1402 fSize=1391
DEBUG fread result=1402 expected=1402 ferror=0
DEBUG loadImage: filename=[gfx/grasslands/118.png]
DEBUG pak entry: [data/mainSprites] len=16 vs searching [gfx/grasslands/118.png] len=22
DEBUG found match: location=3523817 cSize=1394 fSize=1383
DEBUG fread result=1394 expected=1394 ferror=0
DEBUG loadImage: filename=[gfx/grasslands/119.png]
DEBUG pak entry: [data/mainSprites] len=16 vs searching [gfx/grasslands/119.png] len=22
DEBUG found match: location=3525211 cSize=1349 fSize=1338
DEBUG fread result=1349 expected=1349 ferror=0
DEBUG loadImage: filename=[gfx/grasslands/120.png]
DEBUG pak entry: [data/mainSprites] len=16 vs searching [gfx/grasslands/120.png] len=22
DEBUG found match: location=3528405 cSize=1842 fSize=1831
DEBUG fread result=1842 expected=1842 ferror=0
DEBUG loadImage: filename=[gfx/grasslands/121.png]
DEBUG pak entry: [data/mainSprites] len=16 vs searching [gfx/grasslands/121.png] len=22
DEBUG found match: location=3530247 cSize=1935 fSize=1924
DEBUG fread result=1935 expected=1935 ferror=0
DEBUG loadImage: filename=[gfx/grasslands/122.png]
DEBUG pak entry: [data/mainSprites] len=16 vs searching [gfx/grasslands/122.png] len=22
DEBUG found match: location=3532182 cSize=2035 fSize=2024
DEBUG fread result=2035 expected=2035 ferror=0
DEBUG loadImage: filename=[gfx/grasslands/123.png]
DEBUG pak entry: [data/mainSprites] len=16 vs searching [gfx/grasslands/123.png] len=22
DEBUG found match: location=3534217 cSize=2042 fSize=2031
DEBUG fread result=2042 expected=2042 ferror=0
DEBUG loadImage: filename=[gfx/grasslands/124.png]
DEBUG pak entry: [data/mainSprites] len=16 vs searching [gfx/grasslands/124.png] len=22
DEBUG found match: location=3536259 cSize=1178 fSize=1167
DEBUG fread result=1178 expected=1178 ferror=0
DEBUG loadImage: filename=[gfx/grasslands/125.png]
DEBUG pak entry: [data/mainSprites] len=16 vs searching [gfx/grasslands/125.png] len=22
DEBUG found match: location=3537437 cSize=2237 fSize=2226
DEBUG fread result=2237 expected=2237 ferror=0
DEBUG loadImage: filename=[gfx/grasslands/126.png]
DEBUG pak entry: [data/mainSprites] len=16 vs searching [gfx/grasslands/126.png] len=22
DEBUG found match: location=3539674 cSize=1842 fSize=1831
DEBUG fread result=1842 expected=1842 ferror=0
DEBUG loadImage: filename=[gfx/grasslands/127.png]
DEBUG pak entry: [data/mainSprites] len=16 vs searching [gfx/grasslands/127.png] len=22
DEBUG found match: location=3541516 cSize=785 fSize=774
DEBUG fread result=785 expected=785 ferror=0
DEBUG loadImage: filename=[gfx/grasslands/128.png]
DEBUG pak entry: [data/mainSprites] len=16 vs searching [gfx/grasslands/128.png] len=22
DEBUG found match: location=3542301 cSize=745 fSize=734
DEBUG fread result=745 expected=745 ferror=0
DEBUG loadImage: filename=[gfx/grasslands/129.png]
DEBUG pak entry: [data/mainSprites] len=16 vs searching [gfx/grasslands/129.png] len=22
DEBUG found match: location=3543046 cSize=781 fSize=770
DEBUG fread result=781 expected=781 ferror=0
DEBUG loadImage: filename=[gfx/grasslands/130.png]
DEBUG pak entry: [data/mainSprites] len=16 vs searching [gfx/grasslands/130.png] len=22
DEBUG found match: location=3546444 cSize=752 fSize=741
DEBUG fread result=752 expected=752 ferror=0
DEBUG loadImage: filename=[gfx/grasslands/131.png]
DEBUG pak entry: [data/mainSprites] len=16 vs searching [gfx/grasslands/131.png] len=22
DEBUG found match: location=3547196 cSize=962 fSize=951
DEBUG fread result=962 expected=962 ferror=0
DEBUG loadImage: filename=[gfx/grasslands/132.png]
DEBUG pak entry: [data/mainSprites] len=16 vs searching [gfx/grasslands/132.png] len=22
DEBUG found match: location=3548158 cSize=922 fSize=911
DEBUG fread result=922 expected=922 ferror=0
DEBUG loadImage: filename=[gfx/grasslands/133.png]
DEBUG pak entry: [data/mainSprites] len=16 vs searching [gfx/grasslands/133.png] len=22
DEBUG found match: location=3549080 cSize=939 fSize=928
DEBUG fread result=939 expected=939 ferror=0
DEBUG loadImage: filename=[gfx/grasslands/134.png]
DEBUG pak entry: [data/mainSprites] len=16 vs searching [gfx/grasslands/134.png] len=22
DEBUG found match: location=3550019 cSize=883 fSize=872
DEBUG fread result=883 expected=883 ferror=0
DEBUG loadImage: filename=[gfx/grasslands/241.png]
DEBUG pak entry: [data/mainSprites] len=16 vs searching [gfx/grasslands/241.png] len=22
DEBUG found match: location=3564868 cSize=182 fSize=185
DEBUG fread result=182 expected=182 ferror=0
DEBUG loadImage: filename=[gfx/grasslands/242.png]
DEBUG pak entry: [data/mainSprites] len=16 vs searching [gfx/grasslands/242.png] len=22
DEBUG found match: location=3565050 cSize=255 fSize=251
DEBUG fread result=255 expected=255 ferror=0
DEBUG loadImage: filename=[gfx/grasslands/243.png]
DEBUG pak entry: [data/mainSprites] len=16 vs searching [gfx/grasslands/243.png] len=22
DEBUG found match: location=3565305 cSize=258 fSize=250
DEBUG fread result=258 expected=258 ferror=0
DEBUG loadImage: filename=[gfx/grasslands/244.png]
DEBUG pak entry: [data/mainSprites] len=16 vs searching [gfx/grasslands/244.png] len=22
DEBUG found match: location=3565563 cSize=248 fSize=243
DEBUG fread result=248 expected=248 ferror=0
DEBUG loadImage: filename=[gfx/grasslands/245.png]
DEBUG pak entry: [data/mainSprites] len=16 vs searching [gfx/grasslands/245.png] len=22
DEBUG found match: location=3565811 cSize=223 fSize=214
DEBUG fread result=223 expected=223 ferror=0
DEBUG loadImage: filename=[gfx/grasslands/246.png]
DEBUG pak entry: [data/mainSprites] len=16 vs searching [gfx/grasslands/246.png] len=22
DEBUG found match: location=3566034 cSize=199 fSize=196
DEBUG fread result=199 expected=199 ferror=0
DEBUG loadImage: filename=[gfx/grasslands/247.png]
DEBUG pak entry: [data/mainSprites] len=16 vs searching [gfx/grasslands/247.png] len=22
DEBUG found match: location=3566233 cSize=306 fSize=295
DEBUG fread result=306 expected=306 ferror=0
DEBUG loadImage: filename=[gfx/grasslands/day.png]
DEBUG pak entry: [data/mainSprites] len=16 vs searching [gfx/grasslands/day.png] len=22
DEBUG found match: location=3580217 cSize=69822 fSize=70192
DEBUG fread result=69822 expected=69822 ferror=0
DEBUG pak entry: [data/mainSprites] len=16 vs searching [music/grasslands] len=16
DEBUG found match: location=38644609 cSize=1527801 fSize=1545337
DEBUG fread result=1527801 expected=1527801 ferror=0
DEBUG pak entry: [data/mainSprites] len=16 vs searching [gfx/sprites/transmitter1.png] len=28
DEBUG found match: location=4729764 cSize=189 fSize=195
DEBUG fread result=189 expected=189 ferror=0
DEBUG pak entry: [data/mainSprites] len=16 vs searching [gfx/sprites/transmitter2.png] len=28
DEBUG found match: location=4729953 cSize=205 fSize=210
DEBUG fread result=205 expected=205 ferror=0
DEBUG pak entry: [data/mainSprites] len=16 vs searching [gfx/sprites/transmitter3.png] len=28
DEBUG found match: location=4730158 cSize=211 fSize=220
DEBUG fread result=211 expected=211 ferror=0
DEBUG pak entry: [data/mainSprites] len=16 vs searching [gfx/sprites/transmitter4.png] len=28
DEBUG found match: location=4730369 cSize=207 fSize=211
DEBUG fread result=207 expected=207 ferror=0
DEBUG pak entry: [data/mainSprites] len=16 vs searching [gfx/sprites/transmitter5.png] len=28
DEBUG found match: location=4730576 cSize=195 fSize=200
DEBUG fread result=195 expected=195 ferror=0
DEBUG pak entry: [data/mainSprites] len=16 vs searching [gfx/sprites/transmitter6.png] len=28
DEBUG found match: location=4730771 cSize=171 fSize=173
DEBUG fread result=171 expected=171 ferror=0
DEBUG loadImage: filename=[gfx/main/mapBackground.png]
DEBUG pak entry: [data/mainSprites] len=16 vs searching [gfx/main/mapBackground.png] len=26
DEBUG found match: location=4166203 cSize=173 fSize=291
DEBUG fread result=173 expected=173 ferror=0
DEBUG pak entry: [data/mainSprites] len=16 vs searching [music/grasslands] len=16
DEBUG found match: location=38644609 cSize=1527801 fSize=1545337
DEBUG fread result=1527801 expected=1527801 ferror=0
DEBUG loadImage: filename=[gfx/main/areaClear.png]
DEBUG pak entry: [data/mainSprites] len=16 vs searching [gfx/main/areaClear.png] len=22
DEBUG found match: location=3737723 cSize=4536 fSize=4541
DEBUG fread result=4536 expected=4536 ferror=0
DEBUG loadImage: filename=[gfx/main/areaClearBackGround.jpg]
DEBUG pak entry: [data/mainSprites] len=16 vs searching [gfx/main/areaClearBackGround.jpg] len=32
DEBUG found match: location=3742259 cSize=97712 fSize=97732
DEBUG fread result=97712 expected=97712 ferror=0
DEBUG pak entry: [data/mainSprites] len=16 vs searching [sound/pop1] len=10
DEBUG found match: location=5696358 cSize=1940 fSize=3578
DEBUG fread result=1940 expected=1940 ferror=0
DEBUG pak entry: [data/mainSprites] len=16 vs searching [sound/cheer] len=11
DEBUG found match: location=4833170 cSize=189818 fSize=330793
DEBUG fread result=189818 expected=189818 ferror=0
DEBUG found match: location=128492 cSize=878 fSize=2801
DEBUG fread result=878 expected=878 ferror=0
DEBUG found match: location=129595 cSize=4037 fSize=9624
DEBUG fread result=4037 expected=4037 ferror=0
DEBUG loadImage: filename=[gfx/main/worldMap.jpg]
DEBUG pak entry: [data/mainSprites] len=16 vs searching [gfx/main/worldMap.jpg] len=21
DEBUG found match: location=4306505 cSize=81285 fSize=81501
DEBUG fread result=81285 expected=81285 ferror=0
DEBUG pak entry: [data/mainSprites] len=16 vs searching [music/hub] len=9
DEBUG found match: location=40172526 cSize=6898124 fSize=6948732
DEBUG fread result=6898124 expected=6898124 ferror=0
DEBUG pak entry: [data/mainSprites] len=16 vs searching [sound/item] len=10
DEBUG found match: location=5570731 cSize=23152 fSize=47257
DEBUG fread result=23152 expected=23152 ferror=0
DEBUG loadImage: filename=[gfx/main/cheats.png]
DEBUG pak entry: [data/mainSprites] len=16 vs searching [gfx/main/cheats.png] len=19
DEBUG found match: location=3973005 cSize=2245 fSize=2234
DEBUG fread result=2245 expected=2245 ferror=0
DEBUG loadImage: filename=[gfx/main/options.png]
DEBUG pak entry: [data/mainSprites] len=16 vs searching [gfx/main/options.png] len=20
DEBUG found match: location=4167058 cSize=2525 fSize=2514
DEBUG fread result=2525 expected=2525 ferror=0
DEBUG loadImage: filename=[gfx/main/keyConfig.png]
DEBUG pak entry: [data/mainSprites] len=16 vs searching [gfx/main/keyConfig.png] len=22
DEBUG found match: location=4023566 cSize=2508 fSize=2497
DEBUG fread result=2508 expected=2508 ferror=0
DEBUG loadImage: filename=[gfx/main/joystickConfig.png]
DEBUG pak entry: [data/mainSprites] len=16 vs searching [gfx/main/joystickConfig.png] len=27
DEBUG found match: location=4019063 cSize=4503 fSize=4492
DEBUG fread result=4503 expected=4503 ferror=0
DEBUG loadImage: filename=[gfx/main/optionsBackground.png]
DEBUG pak entry: [data/mainSprites] len=16 vs searching [gfx/main/optionsBackground.png] len=30
DEBUG found match: location=4169583 cSize=52977 fSize=53667
DEBUG fread result=52977 expected=52977 ferror=0
DEBUG loadImage: filename=[gfx/main/cursor1.png]
DEBUG pak entry: [data/mainSprites] len=16 vs searching [gfx/main/cursor1.png] len=20
DEBUG found match: location=3991687 cSize=171 fSize=171
DEBUG fread result=171 expected=171 ferror=0
DEBUG loadImage: filename=[gfx/main/cursor2.png]
DEBUG pak entry: [data/mainSprites] len=16 vs searching [gfx/main/cursor2.png] len=20
DEBUG found match: location=3991858 cSize=176 fSize=175
DEBUG fread result=176 expected=176 ferror=0
DEBUG loadImage: filename=[gfx/main/cursor3.png]
DEBUG pak entry: [data/mainSprites] len=16 vs searching [gfx/main/cursor3.png] len=20
DEBUG found match: location=3992034 cSize=170 fSize=172
DEBUG fread result=170 expected=170 ferror=0
DEBUG loadImage: filename=[gfx/main/cursor4.png]
DEBUG pak entry: [data/mainSprites] len=16 vs searching [gfx/main/cursor4.png] len=20
DEBUG found match: location=3992204 cSize=164 fSize=167
DEBUG fread result=164 expected=164 ferror=0
DEBUG loadImage: filename=[gfx/main/cursor5.png]
DEBUG pak entry: [data/mainSprites] len=16 vs searching [gfx/main/cursor5.png] len=20
DEBUG found match: location=3992368 cSize=163 fSize=164
DEBUG fread result=163 expected=163 ferror=0
DEBUG loadImage: filename=[gfx/main/cursor6.png]
DEBUG pak entry: [data/mainSprites] len=16 vs searching [gfx/main/cursor6.png] len=20
DEBUG found match: location=3992531 cSize=156 fSize=158
DEBUG fread result=156 expected=156 ferror=0
DEBUG pak entry: [data/mainSprites] len=16 vs searching [gfx/sprites/miaSignal1.png] len=26
DEBUG found match: location=4678561 cSize=89 fSize=90
DEBUG fread result=89 expected=89 ferror=0
DEBUG pak entry: [data/mainSprites] len=16 vs searching [gfx/sprites/miaSignal1.png] len=26
DEBUG found match: location=4678561 cSize=89 fSize=90
DEBUG fread result=89 expected=89 ferror=0
DEBUG pak entry: [data/mainSprites] len=16 vs searching [gfx/sprites/miaSignal2.png] len=26
DEBUG found match: location=4678650 cSize=98 fSize=99
DEBUG fread result=98 expected=98 ferror=0
DEBUG pak entry: [data/mainSprites] len=16 vs searching [gfx/sprites/miaSignal2.png] len=26
DEBUG found match: location=4678650 cSize=98 fSize=99
DEBUG fread result=98 expected=98 ferror=0
DEBUG pak entry: [data/mainSprites] len=16 vs searching [gfx/sprites/miaSignal3.png] len=26
DEBUG found match: location=4678748 cSize=106 fSize=106
DEBUG fread result=106 expected=106 ferror=0
DEBUG pak entry: [data/mainSprites] len=16 vs searching [gfx/sprites/miaSignal3.png] len=26
DEBUG found match: location=4678748 cSize=106 fSize=106
DEBUG fread result=106 expected=106 ferror=0
DEBUG pak entry: [data/mainSprites] len=16 vs searching [gfx/sprites/miaSignal4.png] len=26
DEBUG found match: location=4678854 cSize=106 fSize=106
DEBUG fread result=106 expected=106 ferror=0
DEBUG pak entry: [data/mainSprites] len=16 vs searching [gfx/sprites/miaSignal4.png] len=26
DEBUG found match: location=4678854 cSize=106 fSize=106
DEBUG fread result=106 expected=106 ferror=0
DEBUG pak entry: [data/mainSprites] len=16 vs searching [gfx/sprites/miaSignal5.png] len=26
DEBUG found match: location=4678960 cSize=101 fSize=102
DEBUG fread result=101 expected=101 ferror=0
DEBUG pak entry: [data/mainSprites] len=16 vs searching [gfx/sprites/miaSignal5.png] len=26
DEBUG found match: location=4678960 cSize=101 fSize=102
DEBUG fread result=101 expected=101 ferror=0
DEBUG loadImage: filename=[gfx/main/hubIcon1.png]
DEBUG pak entry: [data/mainSprites] len=16 vs searching [gfx/main/hubIcon1.png] len=21
DEBUG found match: location=4017323 cSize=305 fSize=297
DEBUG fread result=305 expected=305 ferror=0
DEBUG loadImage: filename=[gfx/main/hubIcon2.png]
DEBUG pak entry: [data/mainSprites] len=16 vs searching [gfx/main/hubIcon2.png] len=21
DEBUG found match: location=4017628 cSize=244 fSize=238
DEBUG fread result=244 expected=244 ferror=0
DEBUG loadImage: filename=[gfx/main/hubIcon3.png]
DEBUG pak entry: [data/mainSprites] len=16 vs searching [gfx/main/hubIcon3.png] len=21
DEBUG found match: location=4017872 cSize=298 fSize=291
DEBUG fread result=298 expected=298 ferror=0
DEBUG loadImage: filename=[gfx/main/hubIcon4.png]
DEBUG pak entry: [data/mainSprites] len=16 vs searching [gfx/main/hubIcon4.png] len=21
DEBUG found match: location=4018170 cSize=281 fSize=274
DEBUG fread result=281 expected=281 ferror=0
DEBUG loadImage: filename=[gfx/main/hubIcon5.png]
DEBUG pak entry: [data/mainSprites] len=16 vs searching [gfx/main/hubIcon5.png] len=21
DEBUG found match: location=4018451 cSize=369 fSize=358
DEBUG fread result=369 expected=369 ferror=0
DEBUG loadImage: filename=[gfx/main/hubIcon6.png]
DEBUG pak entry: [data/mainSprites] len=16 vs searching [gfx/main/hubIcon6.png] len=21
DEBUG found match: location=4018820 cSize=243 fSize=241
DEBUG fread result=243 expected=243 ferror=0
DEBUG loadImage: filename=[gfx/main/hubArrowLeft.png]
DEBUG pak entry: [data/mainSprites] len=16 vs searching [gfx/main/hubArrowLeft.png] len=25
DEBUG found match: location=4016570 cSize=161 fSize=182
DEBUG fread result=161 expected=161 ferror=0
DEBUG loadImage: filename=[gfx/main/hubArrowLeft2.png]
DEBUG pak entry: [data/mainSprites] len=16 vs searching [gfx/main/hubArrowLeft2.png] len=26
DEBUG found match: location=4016731 cSize=217 fSize=214
DEBUG fread result=217 expected=217 ferror=0
DEBUG loadImage: filename=[gfx/main/hubArrowRight.png]
DEBUG pak entry: [data/mainSprites] len=16 vs searching [gfx/main/hubArrowRight.png] len=26
DEBUG found match: location=4016948 cSize=182 fSize=183
DEBUG fread result=182 expected=182 ferror=0
DEBUG loadImage: filename=[gfx/main/hubArrowRight2.png]
DEBUG pak entry: [data/mainSprites] len=16 vs searching [gfx/main/hubArrowRight2.png] len=27
DEBUG found match: location=4017130 cSize=193 fSize=196
DEBUG fread result=193 expected=193 ferror=0
DEBUG found match: location=191044 cSize=543 fSize=2065
DEBUG fread result=543 expected=543 ferror=0
DEBUG getString: fontSize=0 in=[Grasslands]
DEBUG getString: fontSize=0 in=[Flooded Tunnel]
DEBUG pak entry: [data/mainSprites] len=16 vs searching [data/optionWidgets] len=18
DEBUG found match: location=224274 cSize=289 fSize=594
DEBUG fread result=289 expected=289 ferror=0
DEBUG getString: fontSize=0 in=[Full Screen]
DEBUG getString: fontSize=0 in=[Sound Volume]
DEBUG getString: fontSize=0 in=[Music Volume]
DEBUG getString: fontSize=0 in=[Output Type]
DEBUG getString: fontSize=0 in=[Brightness]
DEBUG getString: fontSize=0 in=[Blood and Gore]
DEBUG getString: fontSize=0 in=[Configure Keys...]
DEBUG getString: fontSize=0 in=[Configure Joysticks...]
DEBUG getString: fontSize=0 in=[Cheats...]
DEBUG getString: fontSize=0 in=[Exit]
DEBUG getString: fontSize=0 in=[Off]
DEBUG getString: fontSize=0 in=[On]
DEBUG getString: fontSize=0 in=[None]
DEBUG getString: fontSize=0 in=[Mono]
DEBUG getString: fontSize=0 in=[Stereo]
DEBUG getString: fontSize=0 in=[Off]
DEBUG getString: fontSize=0 in=[On]
DEBUG pak entry: [data/mainSprites] len=16 vs searching [data/titleWidgets] len=17
DEBUG found match: location=261142 cSize=445 fSize=1343
DEBUG fread result=445 expected=445 ferror=0
DEBUG loadImage: filename=[gfx/main/cheats.png]
DEBUG pak entry: [data/mainSprites] len=16 vs searching [gfx/main/cheats.png] len=19
DEBUG found match: location=3973005 cSize=2245 fSize=2234
DEBUG fread result=2245 expected=2245 ferror=0
DEBUG loadImage: filename=[gfx/main/options.png]
DEBUG pak entry: [data/mainSprites] len=16 vs searching [gfx/main/options.png] len=20
DEBUG found match: location=4167058 cSize=2525 fSize=2514
DEBUG fread result=2525 expected=2525 ferror=0
DEBUG loadImage: filename=[gfx/main/keyConfig.png]
DEBUG pak entry: [data/mainSprites] len=16 vs searching [gfx/main/keyConfig.png] len=22
DEBUG found match: location=4023566 cSize=2508 fSize=2497
DEBUG fread result=2508 expected=2508 ferror=0
DEBUG loadImage: filename=[gfx/main/joystickConfig.png]
DEBUG pak entry: [data/mainSprites] len=16 vs searching [gfx/main/joystickConfig.png] len=27
DEBUG found match: location=4019063 cSize=4503 fSize=4492
DEBUG fread result=4503 expected=4503 ferror=0
DEBUG loadImage: filename=[gfx/main/optionsBackground.png]
DEBUG pak entry: [data/mainSprites] len=16 vs searching [gfx/main/optionsBackground.png] len=30
DEBUG found match: location=4169583 cSize=52977 fSize=53667
DEBUG fread result=52977 expected=52977 ferror=0
DEBUG loadImage: filename=[gfx/main/prlogo.gif]
DEBUG pak entry: [data/mainSprites] len=16 vs searching [gfx/main/prlogo.gif] len=19
DEBUG found match: location=4222560 cSize=7957 fSize=8037
DEBUG fread result=7957 expected=7957 ferror=0
DEBUG loadImage: filename=[gfx/main/title.png]
DEBUG pak entry: [data/mainSprites] len=16 vs searching [gfx/main/title.png] len=18
DEBUG found match: location=4298490 cSize=8015 fSize=8004
DEBUG fread result=8015 expected=8015 ferror=0
DEBUG getString: fontSize=3 in=[Presents]
DEBUG getString: fontSize=3 in=[An SDL2 Game]
DEBUG getString: fontSize=2 in=[Blob Wars : Episode I]
DEBUG getString: fontSize=0 in=[Copyright (C) 2011-2015 Perpendicular Dimensions]
DEBUG getString: fontSize=0 in=[Copyright (C) 2004-2011 Parallel Realities]
DEBUG getString: fontSize=0 in=[Version 2.00]
DEBUG pak entry: [data/mainSprites] len=16 vs searching [music/title] len=11
DEBUG found match: location=56025550 cSize=4564338 fSize=4749434
DEBUG fread result=4564338 expected=4564338 ferror=0
DEBUG loadImage: filename=[gfx/main/CircuitBoard.jpg]
DEBUG pak entry: [data/mainSprites] len=16 vs searching [gfx/main/CircuitBoard.jpg] len=25
DEBUG found match: location=3975250 cSize=6632 fSize=6658
DEBUG fread result=6632 expected=6632 ferror=0
DEBUG getString: fontSize=0 in=[Start New Game]
DEBUG getString: fontSize=0 in=[Load Game]
DEBUG getString: fontSize=0 in=[Continue Current Game]
DEBUG getString: fontSize=0 in=[Options]
DEBUG getString: fontSize=0 in=[Help]
DEBUG getString: fontSize=0 in=[Quit]
DEBUG getString: fontSize=0 in=[For gameplay instructions please see the gameplay]
DEBUG getString: fontSize=0 in=[manual installed in the following location,]
DEBUG getString: fontSize=0 in=[doc/index.html]
DEBUG getString: fontSize=0 in=[(currently only in English)]
DEBUG getString: fontSize=0 in=[Practice]
DEBUG getString: fontSize=0 in=[Easy]
DEBUG getString: fontSize=0 in=[Normal]
DEBUG getString: fontSize=0 in=[Hard]
DEBUG getString: fontSize=0 in=[Extreme]
DEBUG getString: fontSize=0 in=[01 - Grasslands (00:07:33)]
DEBUG getString: fontSize=0 in=[02 - Empty]
DEBUG getString: fontSize=0 in=[03 - Empty]
DEBUG getString: fontSize=0 in=[04 - Empty]
DEBUG getString: fontSize=0 in=[05 - Empty]
DEBUG getString: fontSize=0 in=[01 - Grasslands (00:07:33)]
DEBUG getString: fontSize=0 in=[02 - Empty]
DEBUG getString: fontSize=0 in=[03 - Empty]
DEBUG getString: fontSize=0 in=[04 - Empty]
DEBUG getString: fontSize=0 in=[05 - Empty]
DEBUG getString: fontSize=0 in=[Back to Main Menu]
